Workbook

Sheet Sheet1
A1: Countries | B1: Period1 | C1: Period1End | D1: Period2 | E1: Period2End | F1: Period3 | G1: Period3End
A2: United Kingdom | B2: 1927 | C2: 1936 | D2: 1941 | E2: 1967 | F2: 2004 | G2: 2014
A3: United States of America | B3: 1926 | C3: 1936 | D3: 1943 | E3: 1951 | F3: 2005 | G3: 2015
A4: Japan | B4: 1925 | C4: 1936 | D4: 1987 | E4: 2017
A5: France | B5: 1926 | C5: 1938
A6: Norway | B6: 1984 | C6: 1996
A7: Finland | B7: 1987 | C7: 2001
A8: Sweden | B8: 1987 | C8: 2000
A9: Austria | B9: 2005 | C9: 2017
A10: Germany | B10: 2006 | C10: 2017
A11: Greece | B11: 2005 | C11: 2018
A12: Hungary | B12: 2005 | C12: 2017
A13: Ireland | B13: 2005 | C13: 2017
A14: Italy | B14: 2005 | C14: 2017
A15: Netherlands | B15: 2006 | C15: 2017
A16: Portugal | B16: 2007 | C16: 2017
A17: Spain | B17: 2005 | C17: 2017
C18: {=C2:C17-B2:B17} -> 9 | E18: {=E2:E17-D2:D17} -> 26 | G18: {=G2:G17-F2:F17} -> 10
A19: =AVERAGE(C18:C38) -> 12.857143 | C19: 10 | E19: 8 | G19: 10
A20: =STDEV(C18:C38) -> 5.2657926 | C20: 11 | E20: 30 | G20: 0
C21: 12 | E21: 0 | G21: 0
C22: 12 | E22: 0 | G22: 0
C23: 14 | E23: 0 | G23: 0
C24: 13 | E24: 0 | G24: 0
C25: 12 | E25: 0 | G25: 0
C26: 11 | E26: 0 | G26: 0
C27: 13 | E27: 0 | G27: 0
C28: 12 | E28: 0 | G28: 0
C29: 12 | E29: 0 | G29: 0
C30: 12 | E30: 0 | G30: 0
C31: 11 | E31: 0 | G31: 0
C32: 10 | E32: 0 | G32: 0
C33: 12 | E33: 0 | G33: 0
C34: {=E18:E20} -> 26
C35: 8
C36: 30
C37: {=G18:G19} -> 10
C38: 10

Sheet Database
A1: Year | B1: Country | C1: BDG | D1: CoreInflation | E1: ChangeDebt/GDP | F1: SRi | G1: Money0/GDP | H1: R.GDPg | I1: Curve | J1: Equityg | K1: R.FXxTWI | L1: Gold Price
A2: =Sheet1!B2 -> 1927 | B2: United Kingdom | C2: 0.28199117 | D2: 0.37353792 | E2: -1.3506502 | F2: 4.0868556 | G2: 11.987469 | H2: 0.23064702 | I2: -0.072862342 | J2: 85.70611 | K2: 4.1054955 | L2: 107.07419
A3: =A2+1 -> 1928 | B3: United Kingdom | C3: 0.71689755 | D3: -2.5589234 | E3: -0.39971815 | F3: 4.0350264 | G3: 12.066902 | H3: 6.4975207 | I3: -0.24342476 | J3: 94.664198 | K3: 9.422167 | L3: 107.15496
A4: =A3+1 -> 1929 | B4: United Kingdom | C4: 0.738362 | D4: -0.45126399 | E4: -1.8073794 | F4: 5.4156717 | G4: 12.28637 | H4: 2.5388744 | I4: -0.038194575 | J4: 99.622959 | K4: 7.1643626 | L4: 105.82591
A5: =A4+1 -> 1930 | B5: United Kingdom | C5: 0.26495661 | D5: 0.23657402 | E5: -1.2875536 | F5: 2.1033852 | G5: 11.644058 | H5: 0.75568072 | I5: -2.2639103 | J5: 85.347024 | K5: 8.8740715 | L5: 105.82591
A6: =A5+1 -> 1931 | B6: United Kingdom | C6: -1.7358959 | D6: -3.4323984 | E6: 2.6683108 | F6: 4.5810497 | G6: 12.075461 | H6: -3.7844454 | I6: -2.1523281 | J6: 62.446277 | K6: 11.496788 | L6: 105.90179
A7: =A6+1 -> 1932 | B7: United Kingdom | C7: -2.8903638 | D7: -1.2077726 | E7: 4.1531612 | F7: 0.56457474 | G7: 11.524908 | H7: -5.3918977 | I7: 1.1567178 | J7: 40.645234 | K7: -10.374693 | L7: 128.4883
A8: =A7+1 -> 1933 | B8: United Kingdom | C8: -3.0129852 | D8: -3.2369513 | E8: 3.3931202 | F8: 0.091035764 | G8: 11.785805 | H8: 0.60201232 | I8: -2.5143886 | J8: 65.864333 | K8: -15.595411 | L8: 140.50849
A9: =A8+1 -> 1934 | B9: United Kingdom | C9: -1.0919622 | D9: -0.68029179 | E9: -0.16174492 | F9: 0.85183465 | G9: 13.475126 | H9: 7.2357019 | I9: -2.3576333 | J9: 85.308871 | K9: 3.444001 | L9: 153.24094
A10: =A9+1 -> 1935 | B10: United Kingdom | C10: -0.51255899 | D10: -0.33014715 | E10: -5.1159439 | F10: 0.208273 | G10: 12.787277 | H10: 4.8211535 | I10: -2.4581848 | J10: 86.692476 | K10: -0.075731543 | L10: 171.62001
A11: =A10+1 -> 1936 | B11: United Kingdom | C11: -0.015177348 | D11: 0.87385235 | E11: -6.416309 | F11: 0.49323789 | G11: 12.641079 | H11: 3.8526382 | I11: -2.4396503 | J11: 95.576502 | K11: 2.2722106 | L11: 178.69849
A12: 1926 | B12: United States | F12: 3.4284084 | G12: 6.8628771 | H12: 6.3893175 | I12: -0.18629352 | J12: 44.346243 | K12: 8.7125749 | L12: 0
A13: =A12+1 -> 1927 | B13: United States | C13: 0.8 | D13: 2.5 | E13: 0.7 | F13: 2.7180289 | G13: 6.6657914 | H13: 1.2234462 | I13: 0.17969313 | J13: 55.17704 | K13: 2.6497006 | L13: 0
A14: =A13+1 -> 1928 | B14: United States | C14: 1.05 | D14: 2 | E14: 2.2 | F14: 4.528083 | G14: 6.5768026 | H14: 1.0245622 | I14: 1.0362006 | J14: 73.222453 | K14: 3.4580838 | L14: 0
A15: =A14+1 -> 1929 | B15: United States | C15: 1.3 | D15: 3.8 | E15: 2.35 | F15: 3.1678007 | G15: 6.436677 | H15: 6.4649419 | I15: 2.1251434 | J15: 108.77593 | K15: 0.76347305 | L15: 0
A16: =A15+1 -> 1930 | B16: United States | C16: 0.1 | D16: 1.27 | E16: 4.65 | F16: 1.661398 | G16: 6.4688877 | H16: -6.1532941 | I16: 0.054610628 | J16: 76.377132 | K16: 3.997006 | L16: 0
A17: =A16+1 -> 1931 | B17: United States | C17: -2.48 | D17: -6.7 | E17: 13 | F17: 1.5402544 | G17: 7.4710585 | H17: -7.0196103 | I17: -1.6258695 | J17: 49.6503 | K17: 15.04491 | L17: 0
A18: =A17+1 -> 1932 | B18: United States | C18: -3.4 | D18: -8.9 | E18: 27.8 | F18: 0.03442228 | G18: 9.1642121 | H18: -11.898055 | I18: -2.1910864 | J18: 28.072614 | K18: 23.802395 | L18: 0
A19: =A18+1 -> 1933 | B19: United States | C19: -3 | D19: -6.2 | E19: 30 | F19: 0.12196771 | G19: 9.7398188 | H19: -2.828513 | I19: -3.3231044 | J19: 38.395113 | K19: -3.4131737 | L19: 0
A20: =A19+1 -> 1934 | B20: United States | C20: -2.1 | D20: 6.2 | E20: 13.1 | F20: 0.14675429 | G20: 11.168554 | H20: 9.2035668 | I20: -3.1030372 | J20: 34.3142 | K20: -9.4760479 | L20: 0
A21: =A20+1 -> 1935 | B21: United States | C21: -1.4 | D21: 5.9 | E21: -8.2 | F21: 0.024469614 | G21: 11.74416 | H21: 9.5792665 | I21: -3.0288894 | J21: 43.618488 | K21: -2.4700599 | L21: 0
A22: =A21+1 -> 1936 | B22: United States | C22: -0.18 | D22: 5.8 | E22: -19.4 | F22: 0.13337841 | G22: 12.685003 | H22: 12.343458 | I22: -2.7934077 | J22: 53.416551 | K22: -6.6467066 | L22: 0
A23: 1925 | B23: Japan | C23: -0.6371064 | D23: -1.3471614 | E23: 4.5235066 | F23: 5.8362351 | G23: 0 | H23: 3.0641391 | I23: 1.1144459 | J23: 68.199149 | K23: 5.603979 | L23: 125.48284
A24: =A23+1 -> 1926 | B24: Japan | C24: 0.27741439 | D24: -9.0513301 | E24: 3.95437 | F24: 6.5147388 | G24: 0 | H24: 2.6749427 | I24: 1.0099583 | J24: 92.733652 | K24: 11.061628 | L24: 112.48903
A25: =A24+1 -> 1927 | B25: Japan | C25: 0.98421004 | D25: -5.5497607 | E25: 3.4443335 | F25: 5.3245992 | G25: 0 | H25: 1.5867584 | I25: 0.36906526 | J25: 95.986399 | K25: 13.297428 | L25: 102.24437
A26: =A25+1 -> 1928 | B26: Japan | C26: 0.48955751 | D26: -4.7742598 | E26: 4.0489735 | F26: 2.2768488 | G26: 0 | H26: 5.0481463 | I26: -2.9860541 | J26: 86.592792 | K26: 8.7514274 | L26: 106.32768
A27: =A26+1 -> 1929 | B27: Japan | C27: 0.50747039 | D27: 1.9012782 | E27: 4.463324 | F27: 2.5512843 | G27: 0 | H27: 5.3165576 | I27: -2.7331514 | J27: 82.581843 | K27: 6.914945 | L27: 105.30888
A28: =A27+1 -> 1930 | B28: Japan | C28: -0.19105159 | D28: -2.1122794 | E28: 5.7992471 | F28: 2.8829512 | G28: 0 | H28: 0.47508807 | I28: -2.4454905 | J28: 68.202043 | K28: 10.339278 | L28: 109.39218
A29: =A28+1 -> 1931 | B29: Japan | C29: -1.8885982 | D29: -15.966393 | E29: 10.071776 | F29: 2.0355111 | G29: 0 | H29: -3.9872505 | I29: -2.5141538 | J29: 60.593973 | K29: 3.1798222 | L29: 99.107102
A30: =A29+1 -> 1932 | B30: Japan | C30: -1.3518544 | D30: -2.5465742 | E30: 11.003307 | F30: 6.0410274 | G30: 0 | H30: 4.2160711 | I30: 0.059760531 | J30: 50.69104 | K30: 13.903938 | L30: 143.06935
A31: =A30+1 -> 1933 | B31: Japan | C31: 1.2409345 | D31: 5.7999069 | E31: 8.55011 | F31: 3.1415273 | G31: 0 | H31: 9.2398367 | I31: -2.1166743 | J31: 44.014807 | K31: -43.374536 | L31: 237.22797
A32: =A31+1 -> 1934 | B32: Japan | C32: 2.9095635 | D32: 2.7899178 | E32: 1.7258831 | F32: 2.3988967 | G32: 0 | H32: 5.5301683 | I32: -2.2563466 | J32: 76.248538 | K32: -25.643534 | L32: 275.69191
A33: =A32+1 -> 1935 | B33: Japan | C33: 1.5912398 | D33: 1.5024287 | E33: -2.3801701 | F33: 2.2802965 | G33: 0 | H33: 2.437846 | I33: -2.2188163 | J33: 64.599134 | K33: -27.480016 | L33: 285.21693
A34: =A33+1 -> 1936 | B34: Japan | C34: 0.72266593 | D34: 2.4458474 | E34: -2.5195858 | F34: 2.2685744 | G34: 0 | H34: 4.6220433 | I34: -2.1458882 | J34: 70.081632 | K34: -23.464242 | L34: 292.21919
A35: 1926 | B35: France | C35: 1.3571352 | D35: 23.576193 | E35: -36.297961 | F35: 4.3754941 | G35: 0 | H35: 3.17246 | I35: -0.73362861 | J35: 33.10996 | K35: -34.531227 | L35: 112.2688
A36: =A35+1 -> 1927 | B36: France | C36: 0.65794671 | D36: 35.24085 | E36: -29.869845 | F36: 1.9565217 | G36: 0 | H36: 1.6317947 | I36: 1.915407 | J36: 46.083724 | K36: -13.427947 | L36: 165.0811
A37: =A36+1 -> 1928 | B37: France | C37: 0.79132227 | D37: -16.011273 | E37: -10.457392 | F37: 2.7747036 | G37: 0 | H37: 3.6556895 | I37: -1.4591971 | J37: 68.664912 | K37: -17.681652 | L37: 107.01888
A38: =A37+1 -> 1929 | B38: France | C38: 2.0848773 | D38: 13.770645 | E38: -10.841699 | F38: 3.3794466 | G38: 0 | H38: 8.0088691 | I38: -0.91007648 | J38: 99.922407 | K38: -8.4782503 | L38: 109.45177
A39: =A38+1 -> 1930 | B39: France | C39: 2.3456923 | D39: 2.5798115 | E39: -5.1082918 | F39: 1.8498024 | G39: 0 | H39: 5.6142089 | I39: -0.31313574 | J39: 86.359369 | K39: -8.6260024 | L39: 109.45177
A40: =A39+1 -> 1931 | B40: France | C40: 0.49759548 | D40: 6.0499175 | E40: -0.8825522 | F40: 1.0671937 | G40: 0 | H40: -2.7716737 | I40: -1.1047563 | J40: 70.885265 | K40: 2.6925881 | L40: 106.70587
A41: =A40+1 -> 1932 | B41: France | C41: -1.0491101 | D41: -11.945012 | E41: 9.3426536 | F41: 0.56916996 | G41: 0 | H41: -5.0154676 | I41: -1.7947879 | J41: 53.483817 | K41: 8.7893074 | L41: 106.70587
A42: =A41+1 -> 1933 | B42: France | C42: -1.8337341 | D42: -11.161051 | E42: 1.0012112 | F42: 1.3517787 | G42: 0 | H42: -3.482117 | I42: -2.9668066 | J42: 64.940449 | K42: 4.5044957 | L42: 104.99858
A43: =A42+1 -> 1934 | B43: France | C43: -1.5740462 | D43: 0.64316834 | E43: 0.55285254 | F43: 2.8814229 | G43: 0 | H43: -0.25494887 | I43: -2.5665542 | J43: 64.940449 | K43: 30.782989 | L43: 104.99858
A44: =A43+1 -> 1935 | B44: France | C44: -1.7068207 | D44: -11.565954 | E44: 0.55285254 | F44: 3.486166 | G44: 0 | H44: -3.495375 | I44: -2.3361059 | J44: 59.552348 | K44: 17.147023 | L44: 104.79939
A45: =A44+1 -> 1936 | B45: France | C45: -1.4868825 | D45: -1.2590149 | E45: 9.7088953 | F45: 5.7272727 | G45: 0 | H45: -1.8289877 | I45: -0.04815492 | J45: 49.339374 | K45: 24.274119 | L45: 104.79939
A46: =A45+1 -> 1937 | B46: France | C46: -0.12509929 | D46: 26.238216 | E46: -10.600275 | F46: 2.0988142 | G46: 0 | H46: 0.79837247 | I46: -1.1481729 | J46: 57.481755 | K46: 6.4933171 | L46: 104.77094
A47: =A46+1 -> 1938 | B47: France | C47: 0.49857232 | D47: 17.640485 | E47: -20.695736 | F47: 2.7747036 | G47: 0 | H47: -0.23391902 | I47: -0.91664306 | J47: 31.853279 | K47: -8.6376671 | L47: 204.43422
A48: 1941 | B48: United Kingdom | C48: -0.13436627 | D48: 13.945967 | E48: -13.20135 | F48: 0.95958778 | G48: 11.891959 | H48: 11.352978 | I48: -2.0925043 | J48: 59.936183 | K48: 10.287413 | L48: 120.11149
A49: =A48+1 -> 1942 | B49: United Kingdom | C49: 0.60757095 | D49: 7.4575738 | E49: -8.4507112 | F49: 0.95275316 | G49: 12.441478 | H49: 2.6063499 | I49: -1.5402125 | J49: 75.843125 | K49: 12.378593 | L49: 105.31025
A50: =A49+1 -> 1943 | B50: United Kingdom | C50: 1.0967399 | D50: 5.5687869 | E50: 7.6533525 | F50: 0.95275316 | G50: 13.792611 | H50: 2.518849 | I50: -1.44366 | J50: 94.511072 | K50: 9.8529898 | L50: 104.95819
A51: =A50+1 -> 1944 | B51: United Kingdom | C51: 1.1591862 | D51: 4.4414426 | E51: 21.210436 | F51: 0.95692153 | G51: 14.562558 | H51: -0.1715432 | I51: -1.6183686 | J51: 104.77989 | K51: 9.9768748 | L51: 106.36644
A52: =A51+1 -> 1945 | B52: United Kingdom | C52: 0.51174479 | D52: 4.0220328 | E52: 26.416851 | F52: 0.95087552 | G52: 16.037669 | H52: -7.1664246 | I52: -1.6183686 | J52: 109.99285 | K52: 6.8913115 | L52: 109.41763
A53: =A52+1 -> 1946 | B53: United Kingdom | C53: 0.023623952 | D53: 3.9464918 | E53: 31.504108 | F53: 0.46527972 | G53: 16.557798 | H53: -4.3193609 | I53: -2.009035 | J53: 115.15117 | K53: 3.6389164 | L53: 109.16826
A54: =A53+1 -> 1947 | B54: United Kingdom | C54: -0.1582321 | D54: 3.9887213 | E54: 28.569123 | F54: 0.45818223 | G54: 17.105454 | H54: -2.1397939 | I54: -1.5224446 | J54: 116.47959 | K54: -4.1328048 | L54: 109.16826
A55: =A54+1 -> 1948 | B55: United Kingdom | C55: -0.033863685 | D55: 7.5567213 | E55: 15.946677 | F55: 0.44898178 | G55: 15.731553 | H55: 0.35622882 | I55: -2.1785446 | J55: 119.39085 | K55: -1.3396102 | L55: 111.20728
A56: =A55+1 -> 1949 | B56: United Kingdom | C56: -0.19661094 | D56: 3.691541 | E56: -4.3688405 | F56: 0.44898178 | G56: 14.226224 | H56: 2.5316456 | I56: -1.7093794 | J56: 106.08612 | K56: 2.0664024 | L56: 121.18234
A57: =A56+1 -> 1950 | B57: United Kingdom | C57: -0.28558375 | D57: 3.2375082 | E57: -8.8424397 | F57: 0.43741551 | G57: 13.720584 | H57: 3.4287888 | I57: -2.1965982 | J57: 75.332586 | K57: -20.459201 | L57: 119.99413
A58: =A57+1 -> 1951 | B58: United Kingdom | C58: -0.0018947538 | D58: 7.2060328 | E58: -11.792319 | F58: 0.47906161 | G58: 12.877988 | H58: 3.7459362 | I58: -1.9145392 | J58: 89.012966 | K58: -16.841758 | L58: 159.71835
A59: =A58+1 -> 1952 | B59: United Kingdom | C59: -0.4596189 | D59: 10.317377 | E59: -13.218479 | F59: 2.4187786 | G59: 12.303839 | H59: 1.1471951 | I59: -1.5323284 | J59: 70.056454 | K59: -15.113974 | L59: 164.57386
A60: 1953 | B60: United Kingdom | C60: -0.78672597 | D60: 5.5887213 | E60: -14.607403 | F60: 2.4266271 | G60: 11.938942 | H60: 3.5059141 | I60: -1.1422905 | J60: 80.8324 | K60: -10.181698 | L60: 154.10004
A61: 1943 | B61: United States | C61: 0.47611383 | D61: 5.2076569 | E61: -1.0906797 | F61: 0.27005677 | G61: 13.946883 | H61: 12.049923 | I61: -1.6826902 | J61: 89.80186 | K61: -11.0213 | L61: 101.30879
A62: =A61+1 -> 1944 | B62: United States | C62: 0.67344997 | D62: 3.4597868 | E62: 12.544971 | F62: 0.26721193 | G62: 16.266714 | H62: 2.9423756 | I62: -1.6693783 | J62: 102.48163 | K62: -17.34462 | L62: 104.33685
A63: =A62+1 -> 1945 | B63: United States | C63: 0.34208322 | D63: 3.6124443 | E63: 30.31314 | F63: 0.26721193 | G63: 16.699593 | H63: -6.8881943 | I63: -1.2344369 | J63: 137.29092 | K63: -27.508465 | L63: 104.9934
A64: =A63+1 -> 1946 | B64: United States | C64: 0.030821057 | D64: 13.746476 | E64: 15.979504 | F64: 0.29454273 | G64: 12.987022 | H64: -4.6335055 | I64: -1.4197155 | J64: 110.37791 | K64: -17.853632 | L64: 109.75339
A65: =A64+1 -> 1947 | B65: United States | C65: 0.16084272 | D65: 10.651221 | E65: 2.8738055 | F65: 0.69454781 | G65: 12.521816 | H65: -0.14632599 | I65: -1.1709227 | J65: 112.68759 | K65: -12.054615 | L65: 109.40059
A66: =A65+1 -> 1948 | B66: United States | C66: 0.048143317 | D66: 4.9415638 | E66: -8.8950098 | F66: 0.97039586 | G66: 11.32127 | H66: -0.81861013 | I66: -0.98425197 | J66: 112.13069 | K66: -1.3096668 | L66: 120.73929
A67: =A66+1 -> 1949 | B67: United States | C67: -0.095490827 | D67: 1.5313811 | E67: -8.3041224 | F67: 0.99914909 | G67: 11.232037 | H67: 0.60840808 | I67: -0.78496542 | J67: 112.13069 | K67: 13.026761 | L67: 119.5809
A68: =A67+1 -> 1950 | B68: United States | C68: 0.58567189 | D68: 4.8521612 | E68: -6.5462323 | F68: 1.2439071 | G68: 10.228113 | H68: 10.908308 | I68: -0.80893549 | J68: 137.98851 | K68: 9.1938831 | L68: 113.24745
A69: =A68+1 -> 1951 | B69: United States | C69: 0.68158754 | D69: 6.5906103 | E69: -6.8305969 | F69: 1.5817321 | G69: 10.13888 | H69: 4.7087071 | I69: -0.88284683 | J69: 167.26981 | K69: 5.3599126 | L69: 114.54357
A70: 1984 | B70: Norway | C70: -0.86622918 | D70: 7.2458601 | E70: 4.0514792 | F70: 7.9501856 | G70: 5.3721014 | H70: 10.283262 | I70: -4.1709288 | J70: 28.125 | K70: -9.8291433 | L70: 128.35086
A71: =A70+1 -> 1985 | B71: Norway | C71: 0.61534578 | D71: 6.0995325 | E71: 4.4902223 | F71: 10.084623 | G71: 5.3721014 | H71: 5.3390558 | I71: -4.2791662 | J71: 37.5 | K71: -8.1088871 | L71: 120.22694
A72: =A71+1 -> 1986 | B72: Norway | C72: 1.560424 | D72: 9.408223 | E72: 12.571452 | F72: 15.117884 | G72: 5.5896924 | H72: 5.4763948 | I72: 0.42946868 | J72: 37.5 | K72: -0.67926341 | L72: 111.23096
A73: =A72+1 -> 1987 | B73: Norway | C73: 2.3843009 | D73: 10.768646 | E73: 11.685609 | F73: 13.878713 | G73: 5.5615152 | H73: 1.2188841 | I73: 1.896056 | J73: 58.125 | K73: 6.1311449 | L73: 128.88634
A74: =A73+1 -> 1988 | B74: Norway | C74: 1.429581 | D74: 7.945646 | E74: 11.09644 | F74: 12.695235 | G74: 5.3235739 | H74: -0.15450644 | I74: 1.5022991 | J74: 49.375 | K74: 9.7796637 | L74: 120.69612
A75: =A74+1 -> 1989 | B75: Norway | C75: -0.354316 | D75: 5.4327784 | E75: 0.38692963 | F75: 10.094369 | G75: 4.7286004 | H75: -0.97854077 | I75: 0.70320999 | J75: 73.75 | K75: 7.4051241 | L75: 112.04182
A76: =A75+1 -> 1990 | B76: Norway | C76: -0.90474508 | D76: 4.5103334 | E76: 0.38692963 | F76: 10.381188 | G76: 4.1761336 | H76: 2.0429185 | I76: 0.7710361 | J76: 95 | K76: 7.2206565 | L76: 116.63671
A77: =A76+1 -> 1991 | B77: Norway | C77: -1.2606764 | D77: 3.9549089 | E77: -3.2316564 | F77: 10.381188 | G77: 4.1512076 | H77: 1.1502146 | I77: 0.37301461 | J77: 80.625 | K77: 4.5372298 | L77: 92.346529
A78: =A77+1 -> 1992 | B78: Norway | C78: -1.5308935 | D78: 2.8575174 | E78: -1.4307204 | F78: 10.673577 | G78: 4.1512076 | H78: 3.1416309 | I78: 1.437316 | J78: 69.375 | K78: 9.6643715 | L78: 93.738765
A79: =A78+1 -> 1993 | B79: Norway | C79: -1.2415952 | D79: 3.4918513 | E79: 3.1071369 | F79: 8.4876238 | G79: 4.9781016 | H79: 2.9356223 | I79: 1.0405129 | J79: 69.375 | K79: 1.6995997 | L79: 104.76955
A80: =A79+1 -> 1994 | B80: Norway | C80: -0.87708228 | D80: 1.7558439 | E80: 0.32425205 | F80: 5.2003403 | G80: 5.4674706 | H80: 4.4463519 | I80: -1.7955933 | J80: 80.625 | K80: 2.4196958 | L80: 121.33359
A81: =A80+1 -> 1995 | B81: Norway | C81: -0.51640586 | D81: 2.3179971 | E81: -9.2570617 | F81: 4.9678218 | G81: 4.5317209 | H81: 4.1716738 | I81: -2.306726 | J81: 88.125 | K81: 4.272538 | L81: 111.17996
A82: =A81+1 -> 1996 | B82: Norway | C82: 0.071781928 | D82: -0.34840739 | E82: -13.381247 | F82: 3.8943379 | G82: 4.6007191 | H82: 4.6523605 | I82: -1.7736615 | J82: 97.5 | K82: -0.83586869 | L82: 108.1558
A83: 1987 | B83: Finland | C83: 1.0069551 | D83: 3.1135224 | E83: -4.4863992 | F83: 4.8464104 | G83: 11.858342 | H83: 4.0458888 | I83: -1.4185879 | J83: 111.8668 | K83: 11.513003 | L83: 113.65317
A84: =A83+1 -> 1988 | B84: Finland | C84: 1.6597417 | D84: 5.4352429 | E84: -5.0230322 | F84: 2.9061079 | G84: 11.858342 | H84: 5.1332026 | I84: -0.66069553 | J84: 111.8668 | K84: 16.593253 | L84: 110.15647
A85: =A84+1 -> 1989 | B85: Finland | C85: 2.3174058 | D85: 6.5183615 | E85: 1.1529538 | F85: 2.766432 | G85: 12.035209 | H85: 5.5970965 | I85: 0.16796594 | J85: 105.02523 | K85: 22.934008 | L85: 104.21829
A86: =A85+1 -> 1990 | B86: Finland | C86: 1.7315509 | D86: 4.7143649 | E86: 4.4033489 | F86: 2.766432 | G86: 14.297466 | H86: -2.4943473 | I86: -0.89998341 | J86: 105.02523 | K86: 25.125254 | L86: 89.25902
A87: =A86+1 -> 1991 | B87: Finland | C87: 0.21122753 | D87: 3.4632909 | E87: 11.372516 | F87: 2.766432 | G87: 15.979763 | H87: -5.9538609 | I87: 1.2007519 | J87: 66.195762 | K87: 19.791708 | L87: 84.831243
A88: =A87+1 -> 1992 | B88: Finland | C88: -1.481438 | D88: 2.4574984 | E88: 14.060388 | F88: 2.766432 | G88: 18.793189 | H88: -3.4508364 | I88: 2.1337978 | J88: 69.323915 | K88: 1.364451 | L88: 77.279193
A89: =A88+1 -> 1993 | B89: Finland | C89: -2.1312438 | D89: 1.6301932 | E89: 9.696715 | F89: 2.766432 | G89: 18.126851 | H89: 0.76826165 | I89: -1.2113673 | J89: 123.89506 | K89: -15.635031 | L89: 96.43864
A90: =A89+1 -> 1994 | B90: Finland | C90: -1.4128805 | D90: 2.0672653 | E90: 6.655795 | F90: 2.766432 | G90: 15.918065 | H90: 2.2503859 | I90: -5.3336651 | J90: 191.56408 | K90: -5.5067904 | L90: 95.217897
A91: =A90+1 -> 1995 | B91: Finland | C91: -1.2973083 | D91: -0.2771819 | E91: -1.0477119 | F91: 2.766432 | G91: 13.573544 | H91: 4.5161236 | I91: -2.4564604 | J91: 222.98688 | K91: 2.6727468 | L91: 95.217897
A92: =A91+1 -> 1996 | B92: Finland | C92: -1.15098 | D92: 0.71419861 | E92: -10.610605 | F92: 2.766432 | G92: 14.704673 | H92: 3.0944057 | I92: -3.7431304 | J92: 295.96367 | K92: -5.868812 | L92: 90.76943
A93: =A92+1 -> 1997 | B93: Finland | C93: -0.83312257 | D93: 1.4833015 | E93: -17.330285 | F93: 2.766432 | G93: 14.001316 | H93: 6.3730341 | I93: -2.9211036 | J93: 458.97074 | K93: -10.866622 | L93: 88.596922
A94: =A93+1 -> 1998 | B94: Finland | C94: -0.34373589 | D94: 0.79568194 | E94: -17.857503 | F94: 2.766432 | G94: 13.832675 | H94: 5.6565016 | I94: -0.88317576 | J94: 574.87386 | K94: -5.8281891 | L94: 80.237941
A95: =A94+1 -> 1999 | B95: Finland | C95: 0.37381447 | D95: 1.5772567 | E95: -15.294375 | F95: 2.766432 | G95: 0 | H95: 4.159693 | I95: -2.4420855 | J95: 820.82745 | K95: -10.330161 | L95: 83.21738
A96: 1987 | B96: Sweden | C96: 1.436206 | D96: 5.0118134 | E96: 4.0863245 | F96: 9.140391 | G96: 4.5320568 | H96: 3.6458482 | I96: -0.67094271 | J96: 65.196161 | K96: 0.39140804 | L96: 136.69414
A97: =A96+1 -> 1988 | B97: Sweden | C97: 1.9786188 | D97: 5.4416795 | E97: 5.2632295 | F97: 10.639727 | G97: 4.2140537 | H97: 1.3862107 | I97: -1.1042766 | J97: 79.104226 | K97: 2.3270167 | L97: 137.00824
A98: =A97+1 -> 1989 | B98: Sweden | C98: 2.5901931 | D98: 6.2902448 | E98: 5.3774997 | F98: 12.614136 | G98: 4.2140537 | H98: 2.571994 | I98: 1.1755368 | J98: 103.14868 | K98: 7.0548519 | L98: 122.00824
A99: =A98+1 -> 1990 | B99: Sweden | C99: 2.734422 | D99: 7.5395249 | E99: 4.8255825 | F99: 14.359244 | G99: 3.6990939 | H99: 1.265416 | I99: 1.0944631 | J99: 117.15777 | K99: 10.913823 | L99: 124.3072
A100: =A99+1 -> 1991 | B100: Sweden | C100: 1.7249747 | D100: 7.1838304 | E100: 4.6825505 | F100: 10.997447 | G100: 6.2800479 | H100: -1.4264229 | I100: 1.918798 | J100: 97.0197 | K100: 11.970254 | L100: 110.94119
...

Sheet Forecast
A1: Year | B1: Country | C1: ChangeDebt/GDP | D1: SRi | E1: Curve | F1: R.GDPg | G1: CoreInflation | H1: Money0/GDP | I1: Equityg | J1: R.FXxTWI | K1: Gold_Price | L1: BDG | N1: 18.8 | O1: 104.6 | Q1: 3.35 | R1: {=Q1:Q10/N1:N10} -> 0.17819149 | U1: M0 Supply | V1: GDP | Y1: M1 Supply
A2: 2017 | B2: United States | C2: 0.013 | D2: 0.01 | E2: 0.014 | F2: 0.025 | G2: 0.018 | H2: {=_xlfn.ANCHORARRAY(W2)} -> 0.18333068 | I2: 953 | J2: 94.4 | K2: 1302.8 | M2: 20.5 | N2: 19.6 | O2: {=M2:M9/N2:N9*100} -> 104.59184 | P2: =(O2-O1)/O1 -> -7.8042689e-05 | Q2: 3.6 | R2: 0.18367347 | S2: =(R2-R1)/R1 -> 0.030764545 | U2: 3595500 | V2: 19612102 | W2: {=U2:U10/V2:V10} -> 0.18333068 | X2: 3524533 | Y2: {=X2:X10/V2:V10} -> 0.17971215
A3: 2018 | B3: United States | C3: 0.02 | D3: 0.0183 | E3: 0.0085 | F3: 0.03 | G3: 0.022 | H3: 0.18516191 | I3: 894 | J3: 98.6 | K3: 1282.5 | M3: 22 | N3: 20.6 | O3: 106.79612 | P3: =(O3-O2)/O2 -> 0.021075065 | Q3: 3.7 | R3: 0.17961165 | S3: =(R3-R2)/R2 -> -0.022114347 | U3: 3824800 | V3: 20656516 | W3: 0.18516191 | X3: 3680583 | Y3: 0.17818024
A4: 2019 | B4: United States | C4: 0.01 | D4: 0.0216 | E4: -0.0025 | F4: 0.026 | G4: 0.023 | H4: 0.15538082 | I4: 1155 | J4: 98.1 | K4: 1517.3 | M4: 23.2 | N4: 21.5 | O4: 107.90698 | P4: =(O4-O3)/O3 -> 0.010401691 | Q4: 4 | R4: 0.18604651 | S4: =(R4-R3)/R3 -> 0.035826524 | U4: 3346900 | V4: 21539982 | W4: 0.15538082 | X4: 3845317 | Y4: 0.17851997
A5: 2020 | B5: United States | C5: 0.209 | D5: 0.0036 | E5: 0.0055 | F5: -0.021 | G5: 0.016 | H5: 0.16121491 | I5: 1380 | J5: 95 | K5: 1898.4 | M5: 27.8 | N5: 21.3 | O5: 130.51643 | P5: =(O5-O4)/O4 -> 0.20952728 | Q5: 17.8 | R5: 0.83568075 | S5: =(R5-R4)/R4 -> 3.491784 | U5: 3442600 | V5: 21354104 | W5: 0.16121491 | X5: 12781800 | Y5: 0.5985641
A6: 2021 | B6: United States | C6: -0.04 | D6: 0.0008 | E6: 0.0143 | F6: 0.062 | G6: 0.055 | H6: 0.22161067 | I6: 1733 | J6: 101 | K6: 1829.2 | M6: 29.6 | N6: 23.7 | O6: 124.89451 | P6: =(O6-O5)/O5 -> -0.043074401 | Q6: 20.4 | R6: 0.86075949 | S6: =(R6-R5)/R5 -> 0.030009956 | U6: 5248000 | V6: 23681170 | W6: 0.22161067 | X6: 19355340 | Y6: 0.81733039
A7: 2022 | B7: United States | C7: -0.03 | D7: 0.0168 | E7: 0.0219 | F7: 0.025 | G7: 0.057 | H7: 0.23470317 | I7: 1369 | J7: 107.5 | K7: 1824 | M7: 31.4 | N7: 26 | O7: 120.76923 | P7: =(O7-O6)/O6 -> -0.033030146 | Q7: 19.6 | R7: 0.75384615 | S7: =(R7-R6)/R6 -> -0.12420814 | U7: 6103900 | V7: 26006892 | W7: 0.23470317 | X7: 20395950 | Y7: 0.78425173
A8: 2023 | B8: United States | C8: 0.012 | D8: 0.0503 | E8: -0.0115 | F8: 0.029 | G8: 0.039 | H8: 0.19223894 | I8: 1719 | J8: 108.4 | K8: 2063 | M8: 34 | N8: 27.8 | O8: 122.30216 | P8: =(O8-O7)/O7 -> 0.01269303 | Q8: 17.9 | R8: 0.64388489 | S8: =(R8-R7)/R7 -> -0.14586698 | U8: 5329000 | V8: 27720710 | W8: 0.19223894 | X8: 18500880 | Y8: 0.66740282
A9: 2024 | B9: United States | C9: 0.01 | D9: 0.0515 | E9: -0.0059 | F9: 0.028 | G9: 0.032 | H9: 0.20032105 | I9: 2124 | J9: 113.4 | K9: 2624 | M9: 36.2 | N9: 29.3 | O9: 123.54949 | P9: =(O9-O8)/O8 -> 0.010198755 | Q9: 18.3 | R9: 0.62457338 | S9: =(R9-R8)/R8 -> -0.029992183 | U9: 5843300 | V9: 29169676 | W9: 0.20032105 | X9: 18092220 | Y9: 0.62024069
A10: 2025 | B10: United States | C10: -0.03 | D10: 0.037 | E10: 0.003 | F10: 0.018 | G10: 0.03 | H10: 0.18426116 | I10: 2480 | J10: 108.7 | K10: 4002 | N10: =N9*(1+0.03) -> 30.179 | O10: 120 | P10: =(O10-O9)/O9 -> -0.028729282 | Q10: 19 | R10: 0.62957686 | S10: =(R10-R9)/R9 -> 0.0080110351 | U10: 5613900 | V10: 30467082 | W10: 0.18426116 | X10: 18594152 | Y10: 0.61030301
A11: {=A1:K1} -> Year | B11: Country | C11: ChangeDebt/GDP | D11: SRi | E11: Curve | F11: R.GDPg | G11: CoreInflation | H11: Money0/GDP | I11: Equityg | J11: R.FXxTWI | K11: Gold_Price | L11: =L1 -> BDG | N11: W/OG_All | O11: WG_All | P11: UK30s | Q11: US30s | R11: JPY30s | S11: Fr30s | T11: =I23 -> UK40s | U11: 30s50s | V11: JPY | W11: SKY80s | X11: 08s | Y11: GFI | AB11: BDG_pred_splines_ridge
A12: {=A2:B10} -> 2017 | B12: United States | C12: {=C2:H10*100} -> 1.3 | D12: 1 | E12: 1.4 | F12: 2.5 | G12: 1.8 | H12: 18.333068 | I12: 0.1 | J12: 1 | K12: {=K2:K10} -> 1302.8 | L12: =$B$24+C12*$B$26+D12*$B$27+E12*$B$30+F12*$B$29+$B$25*G12+H12*$B$28+I12*$B$31+J12*$B$32+K12*$B$33 -> -0.52670068 | M12: 0.13 | N12: =$D$24+C12*$D$26+D12*$D$27+E12*$D$30+F12*$D$29+G12*$D$25+H12*$D$28+I12*$D$31+J12*$D$32 -> -0.027225041 | O12: =$C$24+C12*$C$26+D12*$C$27+E12*$C$30+F12*$C$29+G12*$C$25+H12*$C$28+I12*$C$31+J12*$C$32+M12*$C$33 -> -0.10798799 | P12: =E$24+$C12*E$26+$D12*E$27+$E12*E$30+$F12*E$29+$G12*E$25+$H12*E$28+$I12*E$31+$J12*E$32 -> -5.4706486 | Q12: =F$24+$C12*F$26+$D12*F$27+$E12*F$30+$F12*F$29+$G12*F$25+$H12*F$28+$I12*F$31+$J12*F$32 -> -1.3959337 | R12: =G$24+$C12*G$26+$D12*G$27+$E12*G$30+$F12*G$29+$G12*G$25+$H12*G$28+$I12*G$31+$J12*G$32 -> -5.9098945 | S12: =H$24+$C12*H$26+$D12*H$27+$E12*H$30+$F12*H$29+$G12*H$25+$H12*H$28+$I12*H$31+$J12*H$32 -> 1.4077193 | T12: =I$24+$C12*I$26+$D12*I$27+$E12*I$30+$F12*I$29+$G12*I$25+$H12*I$28+$I12*I$31+$J12*I$32 -> -1.5681875 | U12: =J$24+$C12*J$26+$D12*J$27+$E12*J$30+$F12*J$29+$G12*J$25+$H12*J$28+$I12*J$31+$J12*J$32 -> 0.38695544 | V12: =K$24+$C12*K$26+$D12*K$27+$E12*K$30+$F12*K$29+$G12*K$25+$H12*K$28+$I12*K$31+$J12*K$32+$M12*K$33 -> -0.18522322 | W12: =L$24+$C12*L$26+$D12*L$27+$E12*L$30+$F12*L$29+$G12*L$25+$H12*L$28+$I12*L$31+$J12*L$32+$M12*L$33 -> -1.2163457 | X12: =M$24+$C12*M$26+$D12*M$27+$E12*M$30+$F12*M$29+$G12*M$25+$H12*M$28+$I12*M$31+$J12*M$32+$M12*M$33 -> -0.12785071 | Y12: =N$24+$C12*N$26+$D12*N$27+$E12*N$30+$F12*N$29+$G12*N$25+$H12*N$28+$I12*N$31+$J12*N$32+N$33*M12 -> 1.8924663 | Z12: =O$24+$C12*O$26+$D12*O$27+$E12*O$30+$F12*O$29+$G12*O$25+$H12*O$28+$I12*O$31+$J12*O$32 -> -0.041233076 | AA12: -0.28 | AB12: -0.038597023
A13: 2018 | B13: United States | C13: 2 | D13: 1.83 | E13: 0.85 | F13: 3 | G13: 2.2 | H13: 18.516191 | I13: =I3/I2-1 -> -0.061909759 | J13: =(J3/J2-1)*100 -> 4.4491525 | K13: 1282.5 | L13: =$B$24+C13*$B$26+D13*$B$27+E13*$B$30+F13*$B$29+$B$25*G13+H13*$B$28+I13*$B$31+J13*$B$32+K13*$B$33 -> -0.47764719 | M13: =K13/K12-1 -> -0.015581824 | N13: =$D$24+C13*$D$26+D13*$D$27+E13*$D$30+F13*$D$29+G13*$D$25+H13*$D$28+I13*$D$31+J13*$D$32 -> 0.045555169 | O13: =$C$24+C13*$C$26+D13*$C$27+E13*$C$30+F13*$C$29+G13*$C$25+H13*$C$28+I13*$C$31+J13*$C$32+M13*$C$33 -> 0.11062813 | P13: =E$24+$C13*E$26+$D13*E$27+$E13*E$30+$F13*E$29+$G13*E$25+$H13*E$28+$I13*E$31+$J13*E$32 -> -5.0873085 | Q13: =F$24+$C13*F$26+$D13*F$27+$E13*F$30+$F13*F$29+$G13*F$25+$H13*F$28+$I13*F$31+$J13*F$32 -> -1.6054336 | R13: =G$24+$C13*G$26+$D13*G$27+$E13*G$30+$F13*G$29+$G13*G$25+$H13*G$28+$I13*G$31+$J13*G$32 -> -4.4134057 | S13: =H$24+$C13*H$26+$D13*H$27+$E13*H$30+$F13*H$29+$G13*H$25+$H13*H$28+$I13*H$31+$J13*H$32 -> 1.4537362 | T13: =I$24+$C13*I$26+$D13*I$27+$E13*I$30+$F13*I$29+$G13*I$25+$H13*I$28+$I13*I$31+$J13*I$32 -> -3.1568253 | U13: =J$24+$C13*J$26+$D13*J$27+$E13*J$30+$F13*J$29+$G13*J$25+$H13*J$28+$I13*J$31+$J13*J$32 -> 0.27725575 | V13: =K$24+$C13*K$26+$D13*K$27+$E13*K$30+$F13*K$29+$G13*K$25+$H13*K$28+$I13*K$31+$J13*K$32+$M13*K$33 -> -0.10295683 | W13: =L$24+$C13*L$26+$D13*L$27+$E13*L$30+$F13*L$29+$G13*L$25+$H13*L$28+$I13*L$31+$J13*L$32+$M13*L$33 -> -0.86606297 | X13: =M$24+$C13*M$26+$D13*M$27+$E13*M$30+$F13*M$29+$G13*M$25+$H13*M$28+$I13*M$31+$J13*M$32+$M13*M$33 -> 0.53330872 | Y13: =N$24+$C13*N$26+$D13*N$27+$E13*N$30+$F13*N$29+$G13*N$25+$H13*N$28+$I13*N$31+$J13*N$32+N$33*M13 -> 2.4482803 | Z13: =O$24+$C13*O$26+$D13*O$27+$E13*O$30+$F13*O$29+$G13*O$25+$H13*O$28+$I13*O$31+$J13*O$32 -> 0.073655987 | AA13: -0.2 | AB13: -0.062336156
A14: 2019 | B14: United States | C14: 1 | D14: 2.16 | E14: -0.25 | F14: 2.6 | G14: 2.3 | H14: 15.538082 | I14: =I4/I3-1 -> 0.29194631 | J14: =(J4/J3-1)*100 -> -0.50709939 | K14: 1517.3 | L14: =$B$24+C14*$B$26+D14*$B$27+E14*$B$30+F14*$B$29+$B$25*G14+H14*$B$28+I14*$B$31+J14*$B$32+K14*$B$33 -> -0.61898129 | M14: =K14/K13-1 -> 0.18307992 | N14: =$D$24+C14*$D$26+D14*$D$27+E14*$D$30+F14*$D$29+G14*$D$25+H14*$D$28+I14*$D$31+J14*$D$32 -> -0.0087385487 | O14: =$C$24+C14*$C$26+D14*$C$27+E14*$C$30+F14*$C$29+G14*$C$25+H14*$C$28+I14*$C$31+J14*$C$32+M14*$C$33 -> -0.14548062 | P14: =E$24+$C14*E$26+$D14*E$27+$E14*E$30+$F14*E$29+$G14*E$25+$H14*E$28+$I14*E$31+$J14*E$32 -> -2.6958995 | Q14: =F$24+$C14*F$26+$D14*F$27+$E14*F$30+$F14*F$29+$G14*F$25+$H14*F$28+$I14*F$31+$J14*F$32 -> -1.0290715 | R14: =G$24+$C14*G$26+$D14*G$27+$E14*G$30+$F14*G$29+$G14*G$25+$H14*G$28+$I14*G$31+$J14*G$32 -> -3.2830159 | S14: =H$24+$C14*H$26+$D14*H$27+$E14*H$30+$F14*H$29+$G14*H$25+$H14*H$28+$I14*H$31+$J14*H$32 -> 0.91975906 | T14: =I$24+$C14*I$26+$D14*I$27+$E14*I$30+$F14*I$29+$G14*I$25+$H14*I$28+$I14*I$31+$J14*I$32 -> -2.1796523 | U14: =J$24+$C14*J$26+$D14*J$27+$E14*J$30+$F14*J$29+$G14*J$25+$H14*J$28+$I14*J$31+$J14*J$32 -> 0.32840691 | V14: =K$24+$C14*K$26+$D14*K$27+$E14*K$30+$F14*K$29+$G14*K$25+$H14*K$28+$I14*K$31+$J14*K$32+$M14*K$33 -> 0.38037311 | W14: =L$24+$C14*L$26+$D14*L$27+$E14*L$30+$F14*L$29+$G14*L$25+$H14*L$28+$I14*L$31+$J14*L$32+$M14*L$33 -> -0.96743644 | X14: =M$24+$C14*M$26+$D14*M$27+$E14*M$30+$F14*M$29+$G14*M$25+$H14*M$28+$I14*M$31+$J14*M$32+$M14*M$33 -> -0.0047301289 | Y14: =N$24+$C14*N$26+$D14*N$27+$E14*N$30+$F14*N$29+$G14*N$25+$H14*N$28+$I14*N$31+$J14*N$32+N$33*M14 -> 0.71347526 | Z14: =O$24+$C14*O$26+$D14*O$27+$E14*O$30+$F14*O$29+$G14*O$25+$H14*O$28+$I14*O$31+$J14*O$32 -> -0.060893952 | AA14: -0.516 | AB14: -0.15392096
A15: 2020 | B15: United States | C15: 20.9 | D15: 0.36 | E15: 0.55 | F15: -2.1 | G15: 1.6 | H15: 16.121491 | I15: =I5/I4-1 -> 0.19480519 | J15: =(J5/J4-1)*100 -> -3.1600408 | K15: 1898.4 | L15: =$B$24+C15*$B$26+D15*$B$27+E15*$B$30+F15*$B$29+$B$25*G15+H15*$B$28+I15*$B$31+J15*$B$32+K15*$B$33 -> -1.1378481 | M15: =K15/K14-1 -> 0.25116984 | N15: =$D$24+C15*$D$26+D15*$D$27+E15*$D$30+F15*$D$29+G15*$D$25+H15*$D$28+I15*$D$31+J15*$D$32 -> -0.38189455 | O15: =$C$24+C15*$C$26+D15*$C$27+E15*$C$30+F15*$C$29+G15*$C$25+H15*$C$28+I15*$C$31+J15*$C$32+M15*$C$33 -> -0.50607885 | P15: =E$24+$C15*E$26+$D15*E$27+$E15*E$30+$F15*E$29+$G15*E$25+$H15*E$28+$I15*E$31+$J15*E$32 -> -6.85537 | Q15: =F$24+$C15*F$26+$D15*F$27+$E15*F$30+$F15*F$29+$G15*F$25+$H15*F$28+$I15*F$31+$J15*F$32 -> -2.1658063 | R15: =G$24+$C15*G$26+$D15*G$27+$E15*G$30+$F15*G$29+$G15*G$25+$H15*G$28+$I15*G$31+$J15*G$32 -> -10.187491 | S15: =H$24+$C15*H$26+$D15*H$27+$E15*H$30+$F15*H$29+$G15*H$25+$H15*H$28+$I15*H$31+$J15*H$32 -> 0.98211193 | T15: =I$24+$C15*I$26+$D15*I$27+$E15*I$30+$F15*I$29+$G15*I$25+$H15*I$28+$I15*I$31+$J15*I$32 -> 2.5593366 | U15: =J$24+$C15*J$26+$D15*J$27+$E15*J$30+$F15*J$29+$G15*J$25+$H15*J$28+$I15*J$31+$J15*J$32 -> 0.085440063 | V15: =K$24+$C15*K$26+$D15*K$27+$E15*K$30+$F15*K$29+$G15*K$25+$H15*K$28+$I15*K$31+$J15*K$32+$M15*K$33 -> -0.90612777 | W15: =L$24+$C15*L$26+$D15*L$27+$E15*L$30+$F15*L$29+$G15*L$25+$H15*L$28+$I15*L$31+$J15*L$32+$M15*L$33 -> -1.8391517 | X15: =M$24+$C15*M$26+$D15*M$27+$E15*M$30+$F15*M$29+$G15*M$25+$H15*M$28+$I15*M$31+$J15*M$32+$M15*M$33 -> -1.215805 | Y15: =N$24+$C15*N$26+$D15*N$27+$E15*N$30+$F15*N$29+$G15*N$25+$H15*N$28+$I15*N$31+$J15*N$32+N$33*M15 -> 0.81088067 | Z15: =O$24+$C15*O$26+$D15*O$27+$E15*O$30+$F15*O$29+$G15*O$25+$H15*O$28+$I15*O$31+$J15*O$32 -> -0.43952344 | AA15: -1.13 | AB15: -0.8740275
A16: 2021 | B16: United States | C16: -4 | D16: 0.08 | E16: 1.43 | F16: 6.2 | G16: 5.5 | H16: 22.161067 | I16: =I6/I5-1 -> 0.2557971 | J16: =(J6/J5-1)*100 -> 6.3157895 | K16: 1829.2 | L16: =$B$24+C16*$B$26+D16*$B$27+E16*$B$30+F16*$B$29+$B$25*G16+H16*$B$28+I16*$B$31+J16*$B$32+K16*$B$33 -> -0.069258937 | M16: =K16/K15-1 -> -0.036451749 | N16: =$D$24+C16*$D$26+D16*$D$27+E16*$D$30+F16*$D$29+G16*$D$25+H16*$D$28+I16*$D$31+J16*$D$32 -> 0.71845609 | O16: =$C$24+C16*$C$26+D16*$C$27+E16*$C$30+F16*$C$29+G16*$C$25+H16*$C$28+I16*$C$31+J16*$C$32+M16*$C$33 -> 0.79199265 | P16: =E$24+$C16*E$26+$D16*E$27+$E16*E$30+$F16*E$29+$G16*E$25+$H16*E$28+$I16*E$31+$J16*E$32 -> -6.4580538 | Q16: =F$24+$C16*F$26+$D16*F$27+$E16*F$30+$F16*F$29+$G16*F$25+$H16*F$28+$I16*F$31+$J16*F$32 -> -1.6863054 | R16: =G$24+$C16*G$26+$D16*G$27+$E16*G$30+$F16*G$29+$G16*G$25+$H16*G$28+$I16*G$31+$J16*G$32 -> -2.9828684 | S16: =H$24+$C16*H$26+$D16*H$27+$E16*H$30+$F16*H$29+$G16*H$25+$H16*H$28+$I16*H$31+$J16*H$32 -> 1.9087863 | T16: =I$24+$C16*I$26+$D16*I$27+$E16*I$30+$F16*I$29+$G16*I$25+$H16*I$28+$I16*I$31+$J16*I$32 -> -5.3930992 | U16: =J$24+$C16*J$26+$D16*J$27+$E16*J$30+$F16*J$29+$G16*J$25+$H16*J$28+$I16*J$31+$J16*J$32 -> 0.66227522 | V16: =K$24+$C16*K$26+$D16*K$27+$E16*K$30+$F16*K$29+$G16*K$25+$H16*K$28+$I16*K$31+$J16*K$32+$M16*K$33 -> 0.42561817 | W16: =L$24+$C16*L$26+$D16*L$27+$E16*L$30+$F16*L$29+$G16*L$25+$H16*L$28+$I16*L$31+$J16*L$32+$M16*L$33 -> 1.2005748 | X16: =M$24+$C16*M$26+$D16*M$27+$E16*M$30+$F16*M$29+$G16*M$25+$H16*M$28+$I16*M$31+$J16*M$32+$M16*M$33 -> 2.4472314 | Y16: =N$24+$C16*N$26+$D16*N$27+$E16*N$30+$F16*N$29+$G16*N$25+$H16*N$28+$I16*N$31+$J16*N$32+N$33*M16 -> 5.410104 | Z16: =O$24+$C16*O$26+$D16*O$27+$E16*O$30+$F16*O$29+$G16*O$25+$H16*O$28+$I16*O$31+$J16*O$32 -> 0.68171844 | AA16: 0.1 | AB16: 0.96547824
A17: 2022 | B17: United States | C17: -3 | D17: 1.68 | E17: 2.19 | F17: 2.5 | G17: 5.7 | H17: 23.470317 | I17: =I7/I6-1 -> -0.21004039 | J17: =(J7/J6-1)*100 -> 6.4356436 | K17: 1824 | L17: =$B$24+C17*$B$26+D17*$B$27+E17*$B$30+F17*$B$29+$B$25*G17+H17*$B$28+I17*$B$31+J17*$B$32+K17*$B$33 -> -0.54936288 | M17: =K17/K16-1 -> -0.0028427728 | N17: =$D$24+C17*$D$26+D17*$D$27+E17*$D$30+F17*$D$29+G17*$D$25+H17*$D$28+I17*$D$31+J17*$D$32 -> 0.24867504 | O17: =$C$24+C17*$C$26+D17*$C$27+E17*$C$30+F17*$C$29+G17*$C$25+H17*$C$28+I17*$C$31+J17*$C$32+M17*$C$33 -> 0.3015298 | P17: =E$24+$C17*E$26+$D17*E$27+$E17*E$30+$F17*E$29+$G17*E$25+$H17*E$28+$I17*E$31+$J17*E$32 -> -7.8282702 | Q17: =F$24+$C17*F$26+$D17*F$27+$E17*F$30+$F17*F$29+$G17*F$25+$H17*F$28+$I17*F$31+$J17*F$32 -> -1.6876394 | R17: =G$24+$C17*G$26+$D17*G$27+$E17*G$30+$F17*G$29+$G17*G$25+$H17*G$28+$I17*G$31+$J17*G$32 -> -2.7953217 | S17: =H$24+$C17*H$26+$D17*H$27+$E17*H$30+$F17*H$29+$G17*H$25+$H17*H$28+$I17*H$31+$J17*H$32 -> 1.3912816 | T17: =I$24+$C17*I$26+$D17*I$27+$E17*I$30+$F17*I$29+$G17*I$25+$H17*I$28+$I17*I$31+$J17*I$32 -> -6.9069926 | U17: =J$24+$C17*J$26+$D17*J$27+$E17*J$30+$F17*J$29+$G17*J$25+$H17*J$28+$I17*J$31+$J17*J$32 -> 0.49225323 | V17: =K$24+$C17*K$26+$D17*K$27+$E17*K$30+$F17*K$29+$G17*K$25+$H17*K$28+$I17*K$31+$J17*K$32+$M17*K$33 -> 0.79044557 | W17: =L$24+$C17*L$26+$D17*L$27+$E17*L$30+$F17*L$29+$G17*L$25+$H17*L$28+$I17*L$31+$J17*L$32+$M17*L$33 -> -0.15071566 | X17: =M$24+$C17*M$26+$D17*M$27+$E17*M$30+$F17*M$29+$G17*M$25+$H17*M$28+$I17*M$31+$J17*M$32+$M17*M$33 -> 1.5534734 | Y17: =N$24+$C17*N$26+$D17*N$27+$E17*N$30+$F17*N$29+$G17*N$25+$H17*N$28+$I17*N$31+$J17*N$32+N$33*M17 -> 4.5948693 | Z17: =O$24+$C17*O$26+$D17*O$27+$E17*O$30+$F17*O$29+$G17*O$25+$H17*O$28+$I17*O$31+$J17*O$32 -> 0.30363102 | AA17: 0.2 | AB17: 0.36701285
A18: 2023 | B18: United States | C18: 1.2 | D18: 5.03 | E18: -1.15 | F18: 2.9 | G18: 3.9 | H18: 19.223894 | I18: =I8/I7-1 -> 0.25566107 | J18: =(J8/J7-1)*100 -> 0.8372093 | K18: 2063 | L18: =$B$24+C18*$B$26+D18*$B$27+E18*$B$30+F18*$B$29+$B$25*G18+H18*$B$28+I18*$B$31+J18*$B$32+K18*$B$33 -> -0.74073109 | M18: =K18/K17-1 -> 0.1310307 | N18: =$D$24+C18*$D$26+D18*$D$27+E18*$D$30+F18*$D$29+G18*$D$25+H18*$D$28+I18*$D$31+J18*$D$32 -> 0.21924593 | O18: =$C$24+C18*$C$26+D18*$C$27+E18*$C$30+F18*$C$29+G18*$C$25+H18*$C$28+I18*$C$31+J18*$C$32+M18*$C$33 -> 0.13581245 | P18: =E$24+$C18*E$26+$D18*E$27+$E18*E$30+$F18*E$29+$G18*E$25+$H18*E$28+$I18*E$31+$J18*E$32 -> -4.5222608 | Q18: =F$24+$C18*F$26+$D18*F$27+$E18*F$30+$F18*F$29+$G18*F$25+$H18*F$28+$I18*F$31+$J18*F$32 -> -1.3588294 | R18: =G$24+$C18*G$26+$D18*G$27+$E18*G$30+$F18*G$29+$G18*G$25+$H18*G$28+$I18*G$31+$J18*G$32 -> 3.6770522 | S18: =H$24+$C18*H$26+$D18*H$27+$E18*H$30+$F18*H$29+$G18*H$25+$H18*H$28+$I18*H$31+$J18*H$32 -> 0.42343518 | T18: =I$24+$C18*I$26+$D18*I$27+$E18*I$30+$F18*I$29+$G18*I$25+$H18*I$28+$I18*I$31+$J18*I$32 -> -10.787876 | U18: =J$24+$C18*J$26+$D18*J$27+$E18*J$30+$F18*J$29+$G18*J$25+$H18*J$28+$I18*J$31+$J18*J$32 -> 0.57998558 | V18: =K$24+$C18*K$26+$D18*K$27+$E18*K$30+$F18*K$29+$G18*K$25+$H18*K$28+$I18*K$31+$J18*K$32+$M18*K$33 -> 1.4946009 | W18: =L$24+$C18*L$26+$D18*L$27+$E18*L$30+$F18*L$29+$G18*L$25+$H18*L$28+$I18*L$31+$J18*L$32+$M18*L$33 -> -0.99185153 | X18: =M$24+$C18*M$26+$D18*M$27+$E18*M$30+$F18*M$29+$G18*M$25+$H18*M$28+$I18*M$31+$J18*M$32+$M18*M$33 -> 0.81797176 | Y18: =N$24+$C18*N$26+$D18*N$27+$E18*N$30+$F18*N$29+$G18*N$25+$H18*N$28+$I18*N$31+$J18*N$32+N$33*M18 -> 1.4730656 | Z18: =O$24+$C18*O$26+$D18*O$27+$E18*O$30+$F18*O$29+$G18*O$25+$H18*O$28+$I18*O$31+$J18*O$32 -> 0.18326988 | AA18: -0.5 | AB18: 0.18295648
A19: 2024 | B19: United States | C19: 1 | D19: 5.15 | E19: -0.59 | F19: 2.8 | G19: 3.2 | H19: 20.032105 | I19: =I9/I8-1 -> 0.23560209 | J19: =(J9/J8-1)*100 -> 4.6125461 | K19: 2624 | L19: =$B$24+C19*$B$26+D19*$B$27+E19*$B$30+F19*$B$29+$B$25*G19+H19*$B$28+I19*$B$31+J19*$B$32+K19*$B$33 -> -0.98880386 | M19: =K19/K18-1 -> 0.27193408 | N19: =$D$24+C19*$D$26+D19*$D$27+E19*$D$30+F19*$D$29+G19*$D$25+H19*$D$28+I19*$D$31+J19*$D$32 -> 0.22823438 | O19: =$C$24+C19*$C$26+D19*$C$27+E19*$C$30+F19*$C$29+G19*$C$25+H19*$C$28+I19*$C$31+J19*$C$32+M19*$C$33 -> -0.013637333 | P19: =E$24+$C19*E$26+$D19*E$27+$E19*E$30+$F19*E$29+$G19*E$25+$H19*E$28+$I19*E$31+$J19*E$32 -> -5.2409242 | Q19: =F$24+$C19*F$26+$D19*F$27+$E19*F$30+$F19*F$29+$G19*F$25+$H19*F$28+$I19*F$31+$J19*F$32 -> -1.4094284 | R19: =G$24+$C19*G$26+$D19*G$27+$E19*G$30+$F19*G$29+$G19*G$25+$H19*G$28+$I19*G$31+$J19*G$32 -> 3.2898653 | S19: =H$24+$C19*H$26+$D19*H$27+$E19*H$30+$F19*H$29+$G19*H$25+$H19*H$28+$I19*H$31+$J19*H$32 -> 0.25687015 | T19: =I$24+$C19*I$26+$D19*I$27+$E19*I$30+$F19*I$29+$G19*I$25+$H19*I$28+$I19*I$31+$J19*I$32 -> -11.178591 | U19: =J$24+$C19*J$26+$D19*J$27+$E19*J$30+$F19*J$29+$G19*J$25+$H19*J$28+$I19*J$31+$J19*J$32 -> 0.59393947 | V19: =K$24+$C19*K$26+$D19*K$27+$E19*K$30+$F19*K$29+$G19*K$25+$H19*K$28+$I19*K$31+$J19*K$32+$M19*K$33 -> 1.5015905 | W19: =L$24+$C19*L$26+$D19*L$27+$E19*L$30+$F19*L$29+$G19*L$25+$H19*L$28+$I19*L$31+$J19*L$32+$M19*L$33 -> -1.4313093 | X19: =M$24+$C19*M$26+$D19*M$27+$E19*M$30+$F19*M$29+$G19*M$25+$H19*M$28+$I19*M$31+$J19*M$32+$M19*M$33 -> 0.66100065 | Y19: =N$24+$C19*N$26+$D19*N$27+$E19*N$30+$F19*N$29+$G19*N$25+$H19*N$28+$I19*N$31+$J19*N$32+N$33*M19 -> 1.1337545 | Z19: =O$24+$C19*O$26+$D19*O$27+$E19*O$30+$F19*O$29+$G19*O$25+$H19*O$28+$I19*O$31+$J19*O$32 -> 0.19197562 | AA19: -0.4 | AB19: 0.11310559
A20: 2025 | B20: United States | C20: -3 | D20: 3.7 | E20: 0.3 | F20: 1.8 | G20: 3 | H20: 18.426116 | I20: =I10/I9-1 -> 0.16760829 | J20: =(J10/J9-1)*100 -> -4.1446208 | K20: 4002 | L20: =$B$24+C20*$B$26+D20*$B$27+E20*$B$30+F20*$B$29+$B$25*G20+H20*$B$28+I20*$B$31+J20*$B$32+K20*$B$33 -> -1.8588849 | M20: =K20/K19-1 -> 0.52515244 | N20: =$D$24+C20*$D$26+D20*$D$27+E20*$D$30+F20*$D$29+G20*$D$25+H20*$D$28+I20*$D$31+J20*$D$32 -> -0.092927598 | O20: =$C$24+C20*$C$26+D20*$C$27+E20*$C$30+F20*$C$29+G20*$C$25+H20*$C$28+I20*$C$31+J20*$C$32+M20*$C$33 -> -0.57103588 | P20: =E$24+$C20*E$26+$D20*E$27+$E20*E$30+$F20*E$29+$G20*E$25+$H20*E$28+$I20*E$31+$J20*E$32 -> -4.425205 | Q20: =F$24+$C20*F$26+$D20*F$27+$E20*F$30+$F20*F$29+$G20*F$25+$H20*F$28+$I20*F$31+$J20*F$32 -> -0.86322606 | R20: =G$24+$C20*G$26+$D20*G$27+$E20*G$30+$F20*G$29+$G20*G$25+$H20*G$28+$I20*G$31+$J20*G$32 -> -0.056761438 | S20: =H$24+$C20*H$26+$D20*H$27+$E20*H$30+$F20*H$29+$G20*H$25+$H20*H$28+$I20*H$31+$J20*H$32 -> 0.67750181 | T20: =I$24+$C20*I$26+$D20*I$27+$E20*I$30+$F20*I$29+$G20*I$25+$H20*I$28+$I20*I$31+$J20*I$32 -> -6.7477302 | U20: =J$24+$C20*J$26+$D20*J$27+$E20*J$30+$F20*J$29+$G20*J$25+$H20*J$28+$I20*J$31+$J20*J$32 -> 0.59257746 | V20: =K$24+$C20*K$26+$D20*K$27+$E20*K$30+$F20*K$29+$G20*K$25+$H20*K$28+$I20*K$31+$J20*K$32+$M20*K$33 -> 1.7559206 | W20: =L$24+$C20*L$26+$D20*L$27+$E20*L$30+$F20*L$29+$G20*L$25+$H20*L$28+$I20*L$31+$J20*L$32+$M20*L$33 -> -2.5804559 | X20: =M$24+$C20*M$26+$D20*M$27+$E20*M$30+$F20*M$29+$G20*M$25+$H20*M$28+$I20*M$31+$J20*M$32+$M20*M$33 -> -0.66316184 | Y20: =N$24+$C20*N$26+$D20*N$27+$E20*N$30+$F20*N$29+$G20*N$25+$H20*N$28+$I20*N$31+$J20*N$32+N$33*M20 -> 0.027009639 | Z20: =O$24+$C20*O$26+$D20*O$27+$E20*O$30+$F20*O$29+$G20*O$25+$H20*O$28+$I20*O$31+$J20*O$32 -> -0.11618476 | AA20: -0.6 | AB20: -0.072597361
A23: {=Sheet4!A16:B26} -> 0 | B23: Coefficients | C23: W/Gold | D23: W/oGold | E23: UK30s | F23: US30s | G23: Jpy30s | H23: Fr30s | I23: UK40s | J23: 30s50s | K23: JPY | L23: SKY80s | M23: 08s | N23: GFI
A24: Intercept | B24: -0.50684193 | C24: -0.75604602 | D24: -0.79605715 | E24: 9.019127 | F24: 1.0052002 | G24: -16.598445 | H24: 1.1100424 | I24: 18.449188 | J24: -0.52522067 | K24: -1.3867738 | L24: -0.2379376 | M24: -1.2327466 | N24: -2.0468295 | O24: -0.797736
A25: CoreInflation | B25: 0.06927159 | C25: 0.078444472 | D25: 0.072165673 | E25: 0.29741496 | F25: 0.072470673 | G25: 0.062663039 | H25: 0.015434254 | I25: 0.044855215 | J25: 0.036672916 | K25: 0.23335962 | L25: 0.34981614 | M25: 0.34898491 | N25: 0.48694109 | O25: 0.071956
A26: ChangeDebt/GDP | B26: 0.012899276 | C26: 0.018437842 | D26: 0.014546767 | E26: -0.096106073 | F26: -0.047262581 | G26: -0.18053504 | H26: 0.037127583 | I26: 0.089942682 | J26: 0.011024007 | K26: -0.027677407 | L26: -0.00079746871 | M26: 0.026079131 | N26: 0.10831266 | O26: 0.014522
A27: SRi | B27: 0.014046023 | C27: 0.025806705 | D27: 0.028699794 | E27: 0.26983475 | F27: 0.1738451 | G27: 1.0997441 | H27: -0.1589894 | I27: -1.2495846 | J27: 0.12921249 | K27: 0.23023674 | L27: -0.12899302 | M27: 0.026319632 | N27: 0.011118069 | O27: 0.029848
A28: Money0/GDP | B28: -0.00020082906 | C28: 0.010017537 | D28: 0.01003807 | E28: -0.85827149 | F28: -0.16838795 | G28: 0.63822285 | H28: -0.014022138 | I28: -1.1083418 | J28: 0.0093025971 | K28: 0.021531265 | L28: -0.090272229 | M28: -0.0086057399 | N28: 0.066373606 | O28: 0.01021
A29: R.GDPg | B29: 0.1108872 | C29: 0.11754467 | D29: 0.11540019 | E29: 0.2119588 | F29: -0.010785667 | G29: 0.052579273 | H29: 0.27327383 | I29: -0.06070689 | J29: 0.080445674 | K29: 0.068622776 | L29: 0.06597228 | M29: 0.24719352 | N29: 0.45235973 | O29: 0.12093
A30: Curve | B30: 0.067144409 | C30: 0.049657046 | D30: 0.050854523 | E30: 0.017997083 | F30: 0.30045066 | G30: -1.6244738 | H30: 0.10110289 | I30: 1.1839058 | J30: 0.21049158 | K30: -0.11065041 | L30: 0.078197985 | M30: -0.0015980496 | N30: 0.65454171 | O30: 0.047288
A31: EquityG | B31: 0.37206973 | C31: 0.32033574 | D31: 0.36665575 | E31: -0.26741607 | F31: 0.6287434 | G31: 1.7345795 | H31: -1.4057824 | I31: -1.5307775 | J31: 0.57337592 | K31: -0.48502496 | L31: 1.7819422 | M31: 0.17123023 | N31: -0.28798375 | O31: 0.124157
A32: R.FXxTWI | B32: 0.009634891 | C32: 0.007633148 | D32: 0.010932311 | E32: 0.036378978 | F32: -0.013458275 | G32: -0.020517433 | H32: -0.046462811 | I32: 0.0012270718 | J32: -0.021063976 | K32: -0.023895729 | L32: 0.070982568 | M32: 0.070182709 | N32: -0.0026857732 | O32: 0.010131
A33: Gold Price | B33: -0.00045267341 | C33: -0.99706442 | K33: 1.9097302 | L33: -2.6666548 | M33: -0.99063175 | N33: -2.4748317
N38: 0.071956
N39: ChangeDebt/GDP | O39: 0.014522
N40: SRi | O40: 0.029848
N41: Money0/GDP | O41: 0.01021
N42: R.GDPg | O42: 0.12093
N43: Curve | O43: 0.047288
N44: Equityg | O44: 0.124157
N45: R.FXxTWI | O45: 0.010131

Sheet Database_filler
A1: Scenario | B1: Year | C1: Country | D1: BDG | E1: CoreInflation | F1: ChangeDebt/GDP | G1: SRi | H1: Money0/GDP | I1: R.GDPg | J1: Curve | K1: Equityg | L1: R.FXxTWI | M1: Gold Price | N1: EquityG
A2: 1 | B2: =Sheet1!B2 -> 1927 | C2: United Kingdom | D2: 0.28199117 | E2: 0.37353792 | F2: -1.3506502 | G2: 4.0868556 | H2: 11.987469 | I2: 0.23064702 | J2: -0.072862342 | K2: 85.70611 | L2: 4.1054955 | M2: 107.07419 | N2: 0.5
A3: 1 | B3: =B2+1 -> 1928 | C3: United Kingdom | D3: 0.71689755 | E3: -2.5589234 | F3: -0.39971815 | G3: 4.0350264 | H3: 12.066902 | I3: 6.4975207 | J3: -0.24342476 | K3: 94.664198 | L3: 9.422167 | M3: 107.15496 | N3: =K3/K2-1 -> 0.10452099
A4: 1 | B4: =B3+1 -> 1929 | C4: United Kingdom | D4: 0.738362 | E4: -0.45126399 | F4: -1.8073794 | G4: 5.4156717 | H4: 12.28637 | I4: 2.5388744 | J4: -0.038194575 | K4: 99.622959 | L4: 7.1643626 | M4: 105.82591 | N4: =K4/K3-1 -> 0.052382646
A5: 1 | B5: =B4+1 -> 1930 | C5: United Kingdom | D5: 0.26495661 | E5: 0.23657402 | F5: -1.2875536 | G5: 2.1033852 | H5: 11.644058 | I5: 0.75568072 | J5: -2.2639103 | K5: 85.347024 | L5: 8.8740715 | M5: 105.82591 | N5: =K5/K4-1 -> -0.14329965
A6: 1 | B6: =B5+1 -> 1931 | C6: United Kingdom | D6: -1.7358959 | E6: -3.4323984 | F6: 2.6683108 | G6: 4.5810497 | H6: 12.075461 | I6: -3.7844454 | J6: -2.1523281 | K6: 62.446277 | L6: 11.496788 | M6: 105.90179 | N6: =K6/K5-1 -> -0.26832507
A7: 1 | B7: =B6+1 -> 1932 | C7: United Kingdom | D7: -2.8903638 | E7: -1.2077726 | F7: 4.1531612 | G7: 0.56457474 | H7: 11.524908 | I7: -5.3918977 | J7: 1.1567178 | K7: 40.645234 | L7: -10.374693 | M7: 128.4883 | N7: =K7/K6-1 -> -0.34911679
A8: 1 | B8: =B7+1 -> 1933 | C8: United Kingdom | D8: -3.0129852 | E8: -3.2369513 | F8: 3.3931202 | G8: 0.091035764 | H8: 11.785805 | I8: 0.60201232 | J8: -2.5143886 | K8: 65.864333 | L8: -15.595411 | M8: 140.50849 | N8: =K8/K7-1 -> 0.62046879
A9: 1 | B9: =B8+1 -> 1934 | C9: United Kingdom | D9: -1.0919622 | E9: -0.68029179 | F9: -0.16174492 | G9: 0.85183465 | H9: 13.475126 | I9: 7.2357019 | J9: -2.3576333 | K9: 85.308871 | L9: 3.444001 | M9: 153.24094 | N9: =K9/K8-1 -> 0.29522106
A10: 1 | B10: =B9+1 -> 1935 | C10: United Kingdom | D10: -0.51255899 | E10: -0.33014715 | F10: -5.1159439 | G10: 0.208273 | H10: 12.787277 | I10: 4.8211535 | J10: -2.4581848 | K10: 86.692476 | L10: -0.075731543 | M10: 171.62001 | N10: =K10/K9-1 -> 0.016218776
A11: 1 | B11: =B10+1 -> 1936 | C11: United Kingdom | D11: -0.015177348 | E11: 0.87385235 | F11: -6.416309 | G11: 0.49323789 | H11: 12.641079 | I11: 3.8526382 | J11: -2.4396503 | K11: 95.576502 | L11: 2.2722106 | M11: 178.69849 | N11: =K11/K10-1 -> 0.10247748
A12: 2 | B12: 1926 | C12: United States | D12: {=D13:F13} -> 0.8 | E12: 2.5 | F12: 0.7 | G12: 3.4284084 | H12: 6.8628771 | I12: 6.3893175 | J12: -0.18629352 | K12: 44.346243 | L12: 8.7125749 | M12: =M13 -> 107.07419
A13: 2 | B13: =B12+1 -> 1927 | C13: United States | D13: 0.8 | E13: 2.5 | F13: 0.7 | G13: 2.7180289 | H13: 6.6657914 | I13: 1.2234462 | J13: 0.17969313 | K13: 55.17704 | L13: 2.6497006 | M13: {=M2:M11} -> 107.07419 | N13: =K13/K12-1 -> 0.24423259
A14: 2 | B14: =B13+1 -> 1928 | C14: United States | D14: 1.05 | E14: 2 | F14: 2.2 | G14: 4.528083 | H14: 6.5768026 | I14: 1.0245622 | J14: 1.0362006 | K14: 73.222453 | L14: 3.4580838 | M14: 107.15496 | N14: =K14/K13-1 -> 0.32704568
A15: 2 | B15: =B14+1 -> 1929 | C15: United States | D15: 1.3 | E15: 3.8 | F15: 2.35 | G15: 3.1678007 | H15: 6.436677 | I15: 6.4649419 | J15: 2.1251434 | K15: 108.77593 | L15: 0.76347305 | M15: 105.82591 | N15: =K15/K14-1 -> 0.48555436
A16: 2 | B16: =B15+1 -> 1930 | C16: United States | D16: 0.1 | E16: 1.27 | F16: 4.65 | G16: 1.661398 | H16: 6.4688877 | I16: -6.1532941 | J16: 0.054610628 | K16: 76.377132 | L16: 3.997006 | M16: 105.82591 | N16: =K16/K15-1 -> -0.29784898
A17: 2 | B17: =B16+1 -> 1931 | C17: United States | D17: -2.48 | E17: -6.7 | F17: 13 | G17: 1.5402544 | H17: 7.4710585 | I17: -7.0196103 | J17: -1.6258695 | K17: 49.6503 | L17: 15.04491 | M17: 105.90179 | N17: =K17/K16-1 -> -0.34993239
A18: 2 | B18: =B17+1 -> 1932 | C18: United States | D18: -3.4 | E18: -8.9 | F18: 27.8 | G18: 0.03442228 | H18: 9.1642121 | I18: -11.898055 | J18: -2.1910864 | K18: 28.072614 | L18: 23.802395 | M18: 128.4883 | N18: =K18/K17-1 -> -0.43459326
A19: 2 | B19: =B18+1 -> 1933 | C19: United States | D19: -3 | E19: -6.2 | F19: 30 | G19: 0.12196771 | H19: 9.7398188 | I19: -2.828513 | J19: -3.3231044 | K19: 38.395113 | L19: -3.4131737 | M19: 140.50849 | N19: =K19/K18-1 -> 0.36770708
A20: 2 | B20: =B19+1 -> 1934 | C20: United States | D20: -2.1 | E20: 6.2 | F20: 13.1 | G20: 0.14675429 | H20: 11.168554 | I20: 9.2035668 | J20: -3.1030372 | K20: 34.3142 | L20: -9.4760479 | M20: 153.24094 | N20: =K20/K19-1 -> -0.1062873
A21: 2 | B21: =B20+1 -> 1935 | C21: United States | D21: -1.4 | E21: 5.9 | F21: -8.2 | G21: 0.024469614 | H21: 11.74416 | I21: 9.5792665 | J21: -3.0288894 | K21: 43.618488 | L21: -2.4700599 | M21: 171.62001 | N21: =K21/K20-1 -> 0.27114978
A22: 2 | B22: =B21+1 -> 1936 | C22: United States | D22: -0.18 | E22: 5.8 | F22: -19.4 | G22: 0.13337841 | H22: 12.685003 | I22: 12.343458 | J22: -2.7934077 | K22: 53.416551 | L22: -6.6467066 | M22: 178.69849 | N22: =K22/K21-1 -> 0.22463098
A23: 3 | B23: 1925 | C23: Japan | D23: -0.6371064 | E23: -1.3471614 | F23: 4.5235066 | G23: 5.8362351 | H23: 0.19750707 | I23: 3.0641391 | J23: 1.1144459 | K23: 68.199149 | L23: 5.603979 | M23: 125.48284
A24: 3 | B24: =B23+1 -> 1926 | C24: Japan | D24: 0.27741439 | E24: -9.0513301 | F24: 3.95437 | G24: 6.5147388 | H24: 0.1954415 | I24: 2.6749427 | J24: 1.0099583 | K24: 92.733652 | L24: 11.061628 | M24: 112.48903 | N24: =K24/K23-1 -> 0.35974795
A25: 3 | B25: =B24+1 -> 1927 | C25: Japan | D25: 0.98421004 | E25: -5.5497607 | F25: 3.4443335 | G25: 5.3245992 | H25: 0.1891577 | I25: 1.5867584 | J25: 0.36906526 | K25: 95.986399 | L25: 13.297428 | M25: 102.24437 | N25: =K25/K24-1 -> 0.035076222
A26: 3 | B26: =B25+1 -> 1928 | C26: Japan | D26: 0.48955751 | E26: -4.7742598 | F26: 4.0489735 | G26: 2.2768488 | H26: 0.16951051 | I26: 5.0481463 | J26: -2.9860541 | K26: 86.592792 | L26: 8.7514274 | M26: 106.32768 | N26: =K26/K25-1 -> -0.097863937
A27: 3 | B27: =B26+1 -> 1929 | C27: Japan | D27: 0.50747039 | E27: 1.9012782 | F27: 4.463324 | G27: 2.5512843 | H27: 0.16437181 | I27: 5.3165576 | J27: -2.7331514 | K27: 82.581843 | L27: 6.914945 | M27: 105.30888 | N27: =K27/K26-1 -> -0.046319659
A28: 3 | B28: =B27+1 -> 1930 | C28: Japan | D28: -0.19105159 | E28: -2.1122794 | F28: 5.7992471 | G28: 2.8829512 | H28: 0.17380329 | I28: 0.47508807 | J28: -2.4454905 | K28: 68.202043 | L28: 10.339278 | M28: 109.39218 | N28: =K28/K27-1 -> -0.17412787
A29: 3 | B29: =B28+1 -> 1931 | C29: Japan | D29: -1.8885982 | E29: -15.966393 | F29: 10.071776 | G29: 2.0355111 | H29: 0.18496437 | I29: -3.9872505 | J29: -2.5141538 | K29: 60.593973 | L29: 3.1798222 | M29: 99.107102 | N29: =K29/K28-1 -> -0.11155193
A30: 3 | B30: =B29+1 -> 1932 | C30: Japan | D30: -1.3518544 | E30: -2.5465742 | F30: 11.003307 | G30: 6.0410274 | H30: 0.17804253 | I30: 4.2160711 | J30: 0.059760531 | K30: 50.69104 | L30: 13.903938 | M30: 143.06935 | N30: =K30/K29-1 -> -0.163431
A31: 3 | B31: =B30+1 -> 1933 | C31: Japan | D31: 1.2409345 | E31: 5.7999069 | F31: 8.55011 | G31: 3.1415273 | H31: 0.16883734 | I31: 9.2398367 | J31: -2.1166743 | K31: 44.014807 | L31: -43.374536 | M31: 237.22797 | N31: =K31/K30-1 -> -0.13170439
A32: 3 | B32: =B31+1 -> 1934 | C32: Japan | D32: 2.9095635 | E32: 2.7899178 | F32: 1.7258831 | G32: 2.3988967 | H32: 0.17189611 | I32: 5.5301683 | J32: -2.2563466 | K32: 76.248538 | L32: -25.643534 | M32: 275.69191 | N32: =K32/K31-1 -> 0.73233834
A33: 3 | B33: =B32+1 -> 1935 | C33: Japan | D33: 1.5912398 | E33: 1.5024287 | F33: -2.3801701 | G33: 2.2802965 | H33: 0.17015251 | I33: 2.437846 | J33: -2.2188163 | K33: 64.599134 | L33: -27.480016 | M33: 285.21693 | N33: =K33/K32-1 -> -0.15278199
A34: 3 | B34: =B33+1 -> 1936 | C34: Japan | D34: 0.72266593 | E34: 2.4458474 | F34: -2.5195858 | G34: 2.2685744 | H34: 0.16585529 | I34: 4.6220433 | J34: -2.1458882 | K34: 70.081632 | L34: -23.464242 | M34: 292.21919 | N34: =K34/K33-1 -> 0.084869526
A35: 4 | B35: 1926 | C35: France | D35: 1.3571352 | E35: 23.576193 | F35: -36.297961 | G35: 4.3754941 | H35: 0.16716507 | I35: 3.17246 | J35: -0.73362861 | K35: 33.10996 | L35: -34.531227 | M35: 112.2688
A36: 4 | B36: =B35+1 -> 1927 | C36: France | D36: 0.65794671 | E36: 35.24085 | F36: -29.869845 | G36: 1.9565217 | H36: 0.17797116 | I36: 1.6317947 | J36: 1.915407 | K36: 46.083724 | L36: -13.427947 | M36: 165.0811 | N36: =K36/K35-1 -> 0.39183874
A37: 4 | B37: =B36+1 -> 1928 | C37: France | D37: 0.79132227 | E37: -16.011273 | F37: -10.457392 | G37: 2.7747036 | H37: 0.18419005 | I37: 3.6556895 | J37: -1.4591971 | K37: 68.664912 | L37: -17.681652 | M37: 107.01888 | N37: =K37/K36-1 -> 0.49000353
A38: 4 | B38: =B37+1 -> 1929 | C38: France | D38: 2.0848773 | E38: 13.770645 | F38: -10.841699 | G38: 3.3794466 | H38: 0.18906485 | I38: 8.0088691 | J38: -0.91007648 | K38: 99.922407 | L38: -8.4782503 | M38: 109.45177 | N38: =K38/K37-1 -> 0.45521787
A39: 4 | B39: =B38+1 -> 1930 | C39: France | D39: 2.3456923 | E39: 2.5798115 | F39: -5.1082918 | G39: 1.8498024 | H39: 0.2187098 | I39: 5.6142089 | J39: -0.31313574 | K39: 86.359369 | L39: -8.6260024 | M39: 109.45177 | N39: =K39/K38-1 -> -0.1357357
A40: 4 | B40: =B39+1 -> 1931 | C40: France | D40: 0.49759548 | E40: 6.0499175 | F40: -0.8825522 | G40: 1.0671937 | H40: 0.26799246 | I40: -2.7716737 | J40: -1.1047563 | K40: 70.885265 | L40: 2.6925881 | M40: 106.70587 | N40: =K40/K39-1 -> -0.17918269
A41: 4 | B41: =B40+1 -> 1932 | C41: France | D41: -1.0491101 | E41: -11.945012 | F41: 9.3426536 | G41: 0.56916996 | H41: 0.31259002 | I41: -5.0154676 | J41: -1.7947879 | K41: 53.483817 | L41: 8.7893074 | M41: 106.70587 | N41: =K41/K40-1 -> -0.24548753
A42: 4 | B42: =B41+1 -> 1933 | C42: France | D42: -1.8337341 | E42: -11.161051 | F42: 1.0012112 | G42: 1.3517787 | H42: 0.33833377 | I42: -3.482117 | J42: -2.9668066 | K42: 64.940449 | L42: 4.5044957 | M42: 104.99858 | N42: =K42/K41-1 -> 0.21420745
A43: 4 | B43: =B42+1 -> 1934 | C43: France | D43: -1.5740462 | E43: 0.64316834 | F43: 0.55285254 | G43: 2.8814229 | H43: 0.35698279 | I43: -0.25494887 | J43: -2.5665542 | K43: 64.940449 | L43: 30.782989 | M43: 104.99858 | N43: =K43/K42-1 -> 0
A44: 4 | B44: =B43+1 -> 1935 | C44: France | D44: -1.7068207 | E44: -11.565954 | F44: 0.55285254 | G44: 3.486166 | H44: 0.40723286 | I44: -3.495375 | J44: -2.3361059 | K44: 59.552348 | L44: 17.147023 | M44: 104.79939 | N44: =K44/K43-1 -> -0.08296987
A45: 4 | B45: =B44+1 -> 1936 | C45: France | D45: -1.4868825 | E45: -1.2590149 | F45: 9.7088953 | G45: 5.7272727 | H45: 0.34579013 | I45: -1.8289877 | J45: -0.04815492 | K45: 49.339374 | L45: 24.274119 | M45: 104.79939 | N45: =K45/K44-1 -> -0.17149574
A46: 4 | B46: =B45+1 -> 1937 | C46: France | D46: -0.12509929 | E46: 26.238216 | F46: -10.600275 | G46: 2.0988142 | H46: 0.25801144 | I46: 0.79837247 | J46: -1.1481729 | K46: 57.481755 | L46: 6.4933171 | M46: 104.77094 | N46: =K46/K45-1 -> 0.16502804
A47: 4 | B47: =B46+1 -> 1938 | C47: France | D47: 0.49857232 | E47: 17.640485 | F47: -20.695736 | G47: 2.7747036 | H47: 0.24855843 | I47: -0.23391902 | J47: -0.91664306 | K47: 31.853279 | L47: -8.6376671 | M47: 204.43422 | N47: =K47/K46-1 -> -0.4458541
A48: 5 | B48: 1941 | C48: United Kingdom | D48: -0.13436627 | E48: 13.945967 | F48: -13.20135 | G48: 0.95958778 | H48: 11.891959 | I48: 11.352978 | J48: -2.0925043 | K48: 59.936183 | L48: 10.287413 | M48: 120.11149
A49: 5 | B49: =B48+1 -> 1942 | C49: United Kingdom | D49: 0.60757095 | E49: 7.4575738 | F49: -8.4507112 | G49: 0.95275316 | H49: 12.441478 | I49: 2.6063499 | J49: -1.5402125 | K49: 75.843125 | L49: 12.378593 | M49: 105.31025 | N49: =K49/K48-1 -> 0.26539798
A50: 5 | B50: =B49+1 -> 1943 | C50: United Kingdom | D50: 1.0967399 | E50: 5.5687869 | F50: 7.6533525 | G50: 0.95275316 | H50: 13.792611 | I50: 2.518849 | J50: -1.44366 | K50: 94.511072 | L50: 9.8529898 | M50: 104.95819 | N50: =K50/K49-1 -> 0.24613895
A51: 5 | B51: =B50+1 -> 1944 | C51: United Kingdom | D51: 1.1591862 | E51: 4.4414426 | F51: 21.210436 | G51: 0.95692153 | H51: 14.562558 | I51: -0.1715432 | J51: -1.6183686 | K51: 104.77989 | L51: 9.9768748 | M51: 106.36644 | N51: =K51/K50-1 -> 0.10865206
A52: 5 | B52: =B51+1 -> 1945 | C52: United Kingdom | D52: 0.51174479 | E52: 4.0220328 | F52: 26.416851 | G52: 0.95087552 | H52: 16.037669 | I52: -7.1664246 | J52: -1.6183686 | K52: 109.99285 | L52: 6.8913115 | M52: 109.41763 | N52: =K52/K51-1 -> 0.049751487
A53: 5 | B53: =B52+1 -> 1946 | C53: United Kingdom | D53: 0.023623952 | E53: 3.9464918 | F53: 31.504108 | G53: 0.46527972 | H53: 16.557798 | I53: -4.3193609 | J53: -2.009035 | K53: 115.15117 | L53: 3.6389164 | M53: 109.16826 | N53: =K53/K52-1 -> 0.04689683
A54: 5 | B54: =B53+1 -> 1947 | C54: United Kingdom | D54: -0.1582321 | E54: 3.9887213 | F54: 28.569123 | G54: 0.45818223 | H54: 17.105454 | I54: -2.1397939 | J54: -1.5224446 | K54: 116.47959 | L54: -4.1328048 | M54: 109.16826 | N54: =K54/K53-1 -> 0.011536351
A55: 5 | B55: =B54+1 -> 1948 | C55: United Kingdom | D55: -0.033863685 | E55: 7.5567213 | F55: 15.946677 | G55: 0.44898178 | H55: 15.731553 | I55: 0.35622882 | J55: -2.1785446 | K55: 119.39085 | L55: -1.3396102 | M55: 111.20728 | N55: =K55/K54-1 -> 0.02499377
A56: 5 | B56: =B55+1 -> 1949 | C56: United Kingdom | D56: -0.19661094 | E56: 3.691541 | F56: -4.3688405 | G56: 0.44898178 | H56: 14.226224 | I56: 2.5316456 | J56: -1.7093794 | K56: 106.08612 | L56: 2.0664024 | M56: 121.18234 | N56: =K56/K55-1 -> -0.11143846
A57: 5 | B57: =B56+1 -> 1950 | C57: United Kingdom | D57: -0.28558375 | E57: 3.2375082 | F57: -8.8424397 | G57: 0.43741551 | H57: 13.720584 | I57: 3.4287888 | J57: -2.1965982 | K57: 75.332586 | L57: -20.459201 | M57: 119.99413 | N57: =K57/K56-1 -> -0.28989216
A58: 5 | B58: =B57+1 -> 1951 | C58: United Kingdom | D58: -0.0018947538 | E58: 7.2060328 | F58: -11.792319 | G58: 0.47906161 | H58: 12.877988 | I58: 3.7459362 | J58: -1.9145392 | K58: 89.012966 | L58: -16.841758 | M58: 159.71835 | N58: =K58/K57-1 -> 0.18159976
A59: 5 | B59: =B58+1 -> 1952 | C59: United Kingdom | D59: -0.4596189 | E59: 10.317377 | F59: -13.218479 | G59: 2.4187786 | H59: 12.303839 | I59: 1.1471951 | J59: -1.5323284 | K59: 70.056454 | L59: -15.113974 | M59: 164.57386 | N59: =K59/K58-1 -> -0.2129635
A60: 5 | B60: 1953 | C60: United Kingdom | D60: -0.78672597 | E60: 5.5887213 | F60: -14.607403 | G60: 2.4266271 | H60: 11.938942 | I60: 3.5059141 | J60: -1.1422905 | K60: 80.8324 | L60: -10.181698 | M60: 154.10004 | N60: =K60/K59-1 -> 0.15381803
A61: 6 | B61: 1943 | C61: United States | D61: 0.47611383 | E61: 5.2076569 | F61: -1.0906797 | G61: 0.27005677 | H61: 13.946883 | I61: 12.049923 | J61: -1.6826902 | K61: 89.80186 | L61: -11.0213 | M61: 101.30879
A62: 6 | B62: =B61+1 -> 1944 | C62: United States | D62: 0.67344997 | E62: 3.4597868 | F62: 12.544971 | G62: 0.26721193 | H62: 16.266714 | I62: 2.9423756 | J62: -1.6693783 | K62: 102.48163 | L62: -17.34462 | M62: 104.33685 | N62: =K62/K61-1 -> 0.14119721
A63: 6 | B63: =B62+1 -> 1945 | C63: United States | D63: 0.34208322 | E63: 3.6124443 | F63: 30.31314 | G63: 0.26721193 | H63: 16.699593 | I63: -6.8881943 | J63: -1.2344369 | K63: 137.29092 | L63: -27.508465 | M63: 104.9934 | N63: =K63/K62-1 -> 0.33966365
A64: 6 | B64: =B63+1 -> 1946 | C64: United States | D64: 0.030821057 | E64: 13.746476 | F64: 15.979504 | G64: 0.29454273 | H64: 12.987022 | I64: -4.6335055 | J64: -1.4197155 | K64: 110.37791 | L64: -17.853632 | M64: 109.75339 | N64: =K64/K63-1 -> -0.19602904
A65: 6 | B65: =B64+1 -> 1947 | C65: United States | D65: 0.16084272 | E65: 10.651221 | F65: 2.8738055 | G65: 0.69454781 | H65: 12.521816 | I65: -0.14632599 | J65: -1.1709227 | K65: 112.68759 | L65: -12.054615 | M65: 109.40059 | N65: =K65/K64-1 -> 0.020925169
A66: 6 | B66: =B65+1 -> 1948 | C66: United States | D66: 0.048143317 | E66: 4.9415638 | F66: -8.8950098 | G66: 0.97039586 | H66: 11.32127 | I66: -0.81861013 | J66: -0.98425197 | K66: 112.13069 | L66: -1.3096668 | M66: 120.73929 | N66: =K66/K65-1 -> -0.0049419966
A67: 6 | B67: =B66+1 -> 1949 | C67: United States | D67: -0.095490827 | E67: 1.5313811 | F67: -8.3041224 | G67: 0.99914909 | H67: 11.232037 | I67: 0.60840808 | J67: -0.78496542 | K67: 112.13069 | L67: 13.026761 | M67: 119.5809 | N67: =K67/K66-1 -> 0
A68: 6 | B68: =B67+1 -> 1950 | C68: United States | D68: 0.58567189 | E68: 4.8521612 | F68: -6.5462323 | G68: 1.2439071 | H68: 10.228113 | I68: 10.908308 | J68: -0.80893549 | K68: 137.98851 | L68: 9.1938831 | M68: 113.24745 | N68: =K68/K67-1 -> 0.23060435
A69: 6 | B69: =B68+1 -> 1951 | C69: United States | D69: 0.68158754 | E69: 6.5906103 | F69: -6.8305969 | G69: 1.5817321 | H69: 10.13888 | I69: 4.7087071 | J69: -0.88284683 | K69: 167.26981 | L69: 5.3599126 | M69: 114.54357 | N69: =K69/K68-1 -> 0.21220103
A70: 7 | B70: 1984 | C70: Norway | D70: -0.86622918 | E70: 7.2458601 | F70: 4.0514792 | G70: 7.9501856 | H70: 5.3721014 | I70: 10.283262 | J70: -4.1709288 | K70: 28.125 | L70: -9.8291433 | M70: 128.35086
A71: 7 | B71: =B70+1 -> 1985 | C71: Norway | D71: 0.61534578 | E71: 6.0995325 | F71: 4.4902223 | G71: 10.084623 | H71: 5.3721014 | I71: 5.3390558 | J71: -4.2791662 | K71: 37.5 | L71: -8.1088871 | M71: 120.22694 | N71: =K71/K70-1 -> 0.33333333
A72: 7 | B72: =B71+1 -> 1986 | C72: Norway | D72: 1.560424 | E72: 9.408223 | F72: 12.571452 | G72: 15.117884 | H72: 5.5896924 | I72: 5.4763948 | J72: 0.42946868 | K72: 37.5 | L72: -0.67926341 | M72: 111.23096 | N72: =K72/K71-1 -> 0
A73: 7 | B73: =B72+1 -> 1987 | C73: Norway | D73: 2.3843009 | E73: 10.768646 | F73: 11.685609 | G73: 13.878713 | H73: 5.5615152 | I73: 1.2188841 | J73: 1.896056 | K73: 58.125 | L73: 6.1311449 | M73: 128.88634 | N73: =K73/K72-1 -> 0.55
A74: 7 | B74: =B73+1 -> 1988 | C74: Norway | D74: 1.429581 | E74: 7.945646 | F74: 11.09644 | G74: 12.695235 | H74: 5.3235739 | I74: -0.15450644 | J74: 1.5022991 | K74: 49.375 | L74: 9.7796637 | M74: 120.69612 | N74: =K74/K73-1 -> -0.15053763
A75: 7 | B75: =B74+1 -> 1989 | C75: Norway | D75: -0.354316 | E75: 5.4327784 | F75: 0.38692963 | G75: 10.094369 | H75: 4.7286004 | I75: -0.97854077 | J75: 0.70320999 | K75: 73.75 | L75: 7.4051241 | M75: 112.04182 | N75: =K75/K74-1 -> 0.49367089
A76: 7 | B76: =B75+1 -> 1990 | C76: Norway | D76: -0.90474508 | E76: 4.5103334 | F76: 0.38692963 | G76: 10.381188 | H76: 4.1761336 | I76: 2.0429185 | J76: 0.7710361 | K76: 95 | L76: 7.2206565 | M76: 116.63671 | N76: =K76/K75-1 -> 0.28813559
A77: 7 | B77: =B76+1 -> 1991 | C77: Norway | D77: -1.2606764 | E77: 3.9549089 | F77: -3.2316564 | G77: 10.381188 | H77: 4.1512076 | I77: 1.1502146 | J77: 0.37301461 | K77: 80.625 | L77: 4.5372298 | M77: 92.346529 | N77: =K77/K76-1 -> -0.15131579
A78: 7 | B78: =B77+1 -> 1992 | C78: Norway | D78: -1.5308935 | E78: 2.8575174 | F78: -1.4307204 | G78: 10.673577 | H78: 4.1512076 | I78: 3.1416309 | J78: 1.437316 | K78: 69.375 | L78: 9.6643715 | M78: 93.738765 | N78: =K78/K77-1 -> -0.13953488
A79: 7 | B79: =B78+1 -> 1993 | C79: Norway | D79: -1.2415952 | E79: 3.4918513 | F79: 3.1071369 | G79: 8.4876238 | H79: 4.9781016 | I79: 2.9356223 | J79: 1.0405129 | K79: 69.375 | L79: 1.6995997 | M79: 104.76955 | N79: =K79/K78-1 -> 0
A80: 7 | B80: =B79+1 -> 1994 | C80: Norway | D80: -0.87708228 | E80: 1.7558439 | F80: 0.32425205 | G80: 5.2003403 | H80: 5.4674706 | I80: 4.4463519 | J80: -1.7955933 | K80: 80.625 | L80: 2.4196958 | M80: 121.33359 | N80: =K80/K79-1 -> 0.16216216
A81: 7 | B81: =B80+1 -> 1995 | C81: Norway | D81: -0.51640586 | E81: 2.3179971 | F81: -9.2570617 | G81: 4.9678218 | H81: 4.5317209 | I81: 4.1716738 | J81: -2.306726 | K81: 88.125 | L81: 4.272538 | M81: 111.17996 | N81: =K81/K80-1 -> 0.093023256
A82: 7 | B82: =B81+1 -> 1996 | C82: Norway | D82: 0.071781928 | E82: -0.34840739 | F82: -13.381247 | G82: 3.8943379 | H82: 4.6007191 | I82: 4.6523605 | J82: -1.7736615 | K82: 97.5 | L82: -0.83586869 | M82: 108.1558 | N82: =K82/K81-1 -> 0.10638298
A83: 8 | B83: 1987 | C83: Finland | D83: 1.0069551 | E83: 3.1135224 | F83: -4.4863992 | G83: 4.8464104 | H83: 11.858342 | I83: 4.0458888 | J83: -1.4185879 | K83: 111.8668 | L83: 11.513003 | M83: 113.65317
A84: 8 | B84: =B83+1 -> 1988 | C84: Finland | D84: 1.6597417 | E84: 5.4352429 | F84: -5.0230322 | G84: 2.9061079 | H84: 11.858342 | I84: 5.1332026 | J84: -0.66069553 | K84: 111.8668 | L84: 16.593253 | M84: 110.15647 | N84: =K84/K83-1 -> 0
A85: 8 | B85: =B84+1 -> 1989 | C85: Finland | D85: 2.3174058 | E85: 6.5183615 | F85: 1.1529538 | G85: 2.766432 | H85: 12.035209 | I85: 5.5970965 | J85: 0.16796594 | K85: 105.02523 | L85: 22.934008 | M85: 104.21829 | N85: =K85/K84-1 -> -0.061158218
A86: 8 | B86: =B85+1 -> 1990 | C86: Finland | D86: 1.7315509 | E86: 4.7143649 | F86: 4.4033489 | G86: 2.766432 | H86: 14.297466 | I86: -2.4943473 | J86: -0.89998341 | K86: 105.02523 | L86: 25.125254 | M86: 89.25902 | N86: =K86/K85-1 -> 0
A87: 8 | B87: =B86+1 -> 1991 | C87: Finland | D87: 0.21122753 | E87: 3.4632909 | F87: 11.372516 | G87: 2.766432 | H87: 15.979763 | I87: -5.9538609 | J87: 1.2007519 | K87: 66.195762 | L87: 19.791708 | M87: 84.831243 | N87: =K87/K86-1 -> -0.3697156
A88: 8 | B88: =B87+1 -> 1992 | C88: Finland | D88: -1.481438 | E88: 2.4574984 | F88: 14.060388 | G88: 2.766432 | H88: 18.793189 | I88: -3.4508364 | J88: 2.1337978 | K88: 69.323915 | L88: 1.364451 | M88: 77.279193 | N88: =K88/K87-1 -> 0.047256098
A89: 8 | B89: =B88+1 -> 1993 | C89: Finland | D89: -2.1312438 | E89: 1.6301932 | F89: 9.696715 | G89: 2.766432 | H89: 18.126851 | I89: 0.76826165 | J89: -1.2113673 | K89: 123.89506 | L89: -15.635031 | M89: 96.43864 | N89: =K89/K88-1 -> 0.78719068
A90: 8 | B90: =B89+1 -> 1994 | C90: Finland | D90: -1.4128805 | E90: 2.0672653 | F90: 6.655795 | G90: 2.766432 | H90: 15.918065 | I90: 2.2503859 | J90: -5.3336651 | K90: 191.56408 | L90: -5.5067904 | M90: 95.217897 | N90: =K90/K89-1 -> 0.54618016
A91: 8 | B91: =B90+1 -> 1995 | C91: Finland | D91: -1.2973083 | E91: -0.2771819 | F91: -1.0477119 | G91: 2.766432 | H91: 13.573544 | I91: 4.5161236 | J91: -2.4564604 | K91: 222.98688 | L91: 2.6727468 | M91: 95.217897 | N91: =K91/K90-1 -> 0.16403287
A92: 8 | B92: =B91+1 -> 1996 | C92: Finland | D92: -1.15098 | E92: 0.71419861 | F92: -10.610605 | G92: 2.766432 | H92: 14.704673 | I92: 3.0944057 | J92: -3.7431304 | K92: 295.96367 | L92: -5.868812 | M92: 90.76943 | N92: =K92/K91-1 -> 0.32726944
A93: 8 | B93: =B92+1 -> 1997 | C93: Finland | D93: -0.83312257 | E93: 1.4833015 | F93: -17.330285 | G93: 2.766432 | H93: 14.001316 | I93: 6.3730341 | J93: -2.9211036 | K93: 458.97074 | L93: -10.866622 | M93: 88.596922 | N93: =K93/K92-1 -> 0.55076713
A94: 8 | B94: =B93+1 -> 1998 | C94: Finland | D94: -0.34373589 | E94: 0.79568194 | F94: -17.857503 | G94: 2.766432 | H94: 13.832675 | I94: 5.6565016 | J94: -0.88317576 | K94: 574.87386 | L94: -5.8281891 | M94: 80.237941 | N94: =K94/K93-1 -> 0.25252836
A95: 8 | B95: =B94+1 -> 1999 | C95: Finland | D95: 0.37381447 | E95: 1.5772567 | F95: -15.294375 | G95: 2.766432 | H95: 0 | I95: 4.159693 | J95: -2.4420855 | K95: 820.82745 | L95: -10.330161 | M95: 83.21738 | N95: =K95/K94-1 -> 0.42783921
A96: 9 | B96: 1987 | C96: Sweden | D96: 1.436206 | E96: 5.0118134 | F96: 4.0863245 | G96: 9.140391 | H96: 4.5320568 | I96: 3.6458482 | J96: -0.67094271 | K96: 65.196161 | L96: 0.39140804 | M96: 136.69414
A97: 9 | B97: =B96+1 -> 1988 | C97: Sweden | D97: 1.9786188 | E97: 5.4416795 | F97: 5.2632295 | G97: 10.639727 | H97: 4.2140537 | I97: 1.3862107 | J97: -1.1042766 | K97: 79.104226 | L97: 2.3270167 | M97: 137.00824 | N97: =K97/K96-1 -> 0.21332645
A98: 9 | B98: =B97+1 -> 1989 | C98: Sweden | D98: 2.5901931 | E98: 6.2902448 | F98: 5.3774997 | G98: 12.614136 | H98: 4.2140537 | I98: 2.571994 | J98: 1.1755368 | K98: 103.14868 | L98: 7.0548519 | M98: 122.00824 | N98: =K98/K97-1 -> 0.30395913
A99: 9 | B99: =B98+1 -> 1990 | C99: Sweden | D99: 2.734422 | E99: 7.5395249 | F99: 4.8255825 | G99: 14.359244 | H99: 3.6990939 | I99: 1.265416 | J99: 1.0944631 | K99: 117.15777 | L99: 10.913823 | M99: 124.3072 | N99: =K99/K98-1 -> 0.13581456
A100: 9 | B100: =B99+1 -> 1991 | C100: Sweden | D100: 1.7249747 | E100: 7.1838304 | F100: 4.6825505 | G100: 10.997447 | H100: 6.2800479 | I100: -1.4264229 | J100: 1.918798 | K100: 97.0197 | L100: 11.970254 | M100: 110.94119 | N100: =K100/K99-1 -> -0.17188847
...

Sheet Extra
A22: M0 | B22: nGDP | C22: %
A23: 3416.9614 | B23: 17300.451 | C23: {=A23:A34/B23:B34} -> 0.19750707
A24: 3281.5405 | B24: 16790.398 | C24: 0.1954415
A25: 3078.4089 | B25: 16274.299 | C25: 0.1891577
A26: 2899.46 | B26: 17104.898 | C26: 0.16951051
A27: 2848.677 | B27: 17330.691 | C27: 0.16437181
A28: 2532.2715 | B28: 14569.756 | C28: 0.17380329
A29: 2421.1836 | B29: 13090 | C29: 0.18496437
A30: 2559.0398 | B30: 14373.194 | C30: 0.17804253
A31: 2750.4324 | B31: 16290.427 | C31: 0.16883734
A32: 2941.825 | B32: 17113.971 | C32: 0.17189611
A33: 3105.1111 | B33: 18248.988 | C33: 0.17015251
A34: 3327.2871 | B34: 20061.387 | C34: 0.16585529
A35: 8143.8267 | B35: 487.17276 | C35: {=((A35:A47)/100)/B35:B47} -> 0.16716507
A36: 8154.498 | B36: 458.19211 | C36: 0.17797116
A37: 9156.2402 | B37: 497.10831 | C37: 0.18419005
A38: 9855.3721 | B38: 521.26941 | C38: 0.18906485
A39: 10994.471 | B39: 502.69678 | C39: 0.2187098
A40: 12048.503 | B40: 449.58365 | C40: 0.26799246
A41: 12522.01 | B41: 400.58893 | C41: 0.31259002
A42: 12663.178 | B42: 374.28064 | C42: 0.33833377
A43: 12354.011 | B43: 346.06741 | C43: 0.35698279
A44: 12525.669 | B44: 307.58002 | C44: 0.40723286
A45: 12816.236 | B45: 370.63626 | C45: 0.34579013
A46: 13462.468 | B46: 521.77795 | C46: 0.25801144
A47: 15482.112 | B47: 622.87616 | C47: 0.24855843

Sheet Sheet4
A1: SUMMARY OUTPUT
A3: Regression Statistics
A4: Multiple R | B4: 0.52533343
A5: R Square | B5: 0.27597522
A6: Adjusted R Square | B6: 0.2416793
A7: Standard Error | B7: 1.0411062
A8: Observations | B8: 200
A10: ANOVA
B11: df | C11: SS | D11: MS | E11: F | F11: Significance F
A12: Regression | B12: 9 | C12: 78.498309 | D12: 8.7220343 | E12: 8.046884 | F12: 4.5065748e-10
A13: Residual | B13: 190 | C13: 205.9414 | D13: 1.0839021
A14: Total | B14: 199 | C14: 284.4397
B16: Coefficients | C16: Standard Error | D16: t Stat | E16: P-value | F16: Lower 95% | G16: Upper 95% | H16: Lower 95.0% | I16: Upper 95.0%
A17: Intercept | B17: -0.50684193 | C17: 0.26789429 | D17: -1.8919475 | E17: 0.060018966 | F17: -1.035271 | G17: 0.021587105 | H17: -1.035271 | I17: 0.021587105
A18: CoreInflation | B18: 0.06927159 | C18: 0.015098774 | D18: 4.587895 | E18: 8.1158107e-06 | F18: 0.039488833 | G18: 0.099054347 | H18: 0.039488833 | I18: 0.099054347
A19: ChangeDebt/GDP | B19: 0.012899276 | C19: 0.0080098222 | D19: 1.6104322 | E19: 0.10896361 | F19: -0.0029003245 | G19: 0.028698876 | H19: -0.0029003245 | I19: 0.028698876
A20: SRi | B20: 0.014046023 | C20: 0.022478958 | D20: 0.62485206 | E20: 0.53281783 | F20: -0.030294355 | G20: 0.058386401 | H20: -0.030294355 | I20: 0.058386401
A21: Money0/GDP | B21: -0.00020082906 | C21: 0.008299341 | D21: -0.024198194 | E21: 0.98071991 | F21: -0.016571513 | G21: 0.016169855 | H21: -0.016571513 | I21: 0.016169855
A22: R.GDPg | B22: 0.1108872 | C22: 0.023886257 | D22: 4.6423012 | E22: 6.413074e-06 | F22: 0.063770885 | G22: 0.15800352 | H22: 0.063770885 | I22: 0.15800352
A23: Curve | B23: 0.067144409 | C23: 0.036312393 | D23: 1.849077 | E23: 0.066000318 | F23: -0.0044828093 | G23: 0.13877163 | H23: -0.0044828093 | I23: 0.13877163
A24: EquityG | B24: 0.37206973 | C24: 0.33172884 | D24: 1.121608 | E24: 0.26344465 | F24: -0.28227476 | G24: 1.0264142 | H24: -0.28227476 | I24: 1.0264142
A25: R.FXxTWI | B25: 0.009634891 | C25: 0.0080775773 | D25: 1.1927946 | E25: 0.23443724 | F25: -0.0062983579 | G25: 0.02556814 | H25: -0.0062983579 | I25: 0.02556814
A26: Gold Price | B26: -0.00045267341 | C26: 0.001907953 | D26: -0.23725606 | E26: 0.81271378 | F26: -0.0042161645 | G26: 0.0033108177 | H26: -0.0042161645 | I26: 0.0033108177

Sheet Database_filler (2)
A1: Scenario | B1: Year | C1: Country | D1: BDG | E1: CoreInflation | F1: ChangeDebt/GDP | G1: SRi | H1: Money0/GDP | I1: R.GDPg | J1: Curve | K1: EquityG | L1: R.FXxTWI | M1: Gold Price
A2: 1 | B2: =Sheet1!B2 -> 1927 | C2: United Kingdom | D2: 0.28199117 | E2: 0.37353792 | F2: -1.3506502 | G2: 4.0868556 | H2: 11.987469 | I2: 0.23064702 | J2: -0.072862342 | K2: 0.07 | L2: 4.1054955 | M2: 107.07419 | N2: 0
A3: 1 | B3: =B2+1 -> 1928 | C3: United Kingdom | D3: 0.71689755 | E3: -2.5589234 | F3: -0.39971815 | G3: 4.0350264 | H3: 12.066902 | I3: 6.4975207 | J3: -0.24342476 | K3: 0.10452099 | L3: 9.422167 | M3: 107.15496 | N3: =M3/M2-1 -> 0.00075434606
A4: 1 | B4: =B3+1 -> 1929 | C4: United Kingdom | D4: 0.738362 | E4: -0.45126399 | F4: -1.8073794 | G4: 5.4156717 | H4: 12.28637 | I4: 2.5388744 | J4: -0.038194575 | K4: 0.052382646 | L4: 7.1643626 | M4: 105.82591 | N4: =M4/M3-1 -> -0.012403065
A5: 1 | B5: =B4+1 -> 1930 | C5: United Kingdom | D5: 0.26495661 | E5: 0.23657402 | F5: -1.2875536 | G5: 2.1033852 | H5: 11.644058 | I5: 0.75568072 | J5: -2.2639103 | K5: -0.14329965 | L5: 8.8740715 | M5: 105.82591 | N5: =M5/M4-1 -> 0
A6: 1 | B6: =B5+1 -> 1931 | C6: United Kingdom | D6: -1.7358959 | E6: -3.4323984 | F6: 2.6683108 | G6: 4.5810497 | H6: 12.075461 | I6: -3.7844454 | J6: -2.1523281 | K6: -0.26832507 | L6: 11.496788 | M6: 105.90179 | N6: =M6/M5-1 -> 0.00071698681
A7: 1 | B7: =B6+1 -> 1932 | C7: United Kingdom | D7: -2.8903638 | E7: -1.2077726 | F7: 4.1531612 | G7: 0.56457474 | H7: 11.524908 | I7: -5.3918977 | J7: 1.1567178 | K7: -0.34911679 | L7: -10.374693 | M7: 128.4883 | N7: =M7/M6-1 -> 0.21327786
A8: 1 | B8: =B7+1 -> 1933 | C8: United Kingdom | D8: -3.0129852 | E8: -3.2369513 | F8: 3.3931202 | G8: 0.091035764 | H8: 11.785805 | I8: 0.60201232 | J8: -2.5143886 | K8: 0.62046879 | L8: -15.595411 | M8: 140.50849 | N8: =M8/M7-1 -> 0.093550876
A9: 1 | B9: =B8+1 -> 1934 | C9: United Kingdom | D9: -1.0919622 | E9: -0.68029179 | F9: -0.16174492 | G9: 0.85183465 | H9: 13.475126 | I9: 7.2357019 | J9: -2.3576333 | K9: 0.29522106 | L9: 3.444001 | M9: 153.24094 | N9: =M9/M8-1 -> 0.090616916
A10: 1 | B10: =B9+1 -> 1935 | C10: United Kingdom | D10: -0.51255899 | E10: -0.33014715 | F10: -5.1159439 | G10: 0.208273 | H10: 12.787277 | I10: 4.8211535 | J10: -2.4581848 | K10: 0.016218776 | L10: -0.075731543 | M10: 171.62001 | N10: =M10/M9-1 -> 0.11993579
A11: 1 | B11: =B10+1 -> 1936 | C11: United Kingdom | D11: -0.015177348 | E11: 0.87385235 | F11: -6.416309 | G11: 0.49323789 | H11: 12.641079 | I11: 3.8526382 | J11: -2.4396503 | K11: 0.10247748 | L11: 2.2722106 | M11: 178.69849 | N11: =M11/M10-1 -> 0.041245053
A12: 2 | B12: 1926 | C12: United States | D12: {=D13:F13} -> 0.8 | E12: 2.5 | F12: 0.7 | G12: 3.4284084 | H12: 6.8628771 | I12: 6.3893175 | J12: -0.18629352 | K12: 0.07 | L12: 8.7125749 | M12: =M13 -> 107.07419 | N12: 0
A13: 2 | B13: =B12+1 -> 1927 | C13: United States | D13: 0.8 | E13: 2.5 | F13: 0.7 | G13: 2.7180289 | H13: 6.6657914 | I13: 1.2234462 | J13: 0.17969313 | K13: 0.24423259 | L13: 2.6497006 | M13: {=M2:M11} -> 107.07419 | N13: =M13/M12-1 -> 0
A14: 2 | B14: =B13+1 -> 1928 | C14: United States | D14: 1.05 | E14: 2 | F14: 2.2 | G14: 4.528083 | H14: 6.5768026 | I14: 1.0245622 | J14: 1.0362006 | K14: 0.32704568 | L14: 3.4580838 | M14: 107.15496 | N14: =M14/M13-1 -> 0.00075434606
A15: 2 | B15: =B14+1 -> 1929 | C15: United States | D15: 1.3 | E15: 3.8 | F15: 2.35 | G15: 3.1678007 | H15: 6.436677 | I15: 6.4649419 | J15: 2.1251434 | K15: 0.48555436 | L15: 0.76347305 | M15: 105.82591 | N15: =M15/M14-1 -> -0.012403065
A16: 2 | B16: =B15+1 -> 1930 | C16: United States | D16: 0.1 | E16: 1.27 | F16: 4.65 | G16: 1.661398 | H16: 6.4688877 | I16: -6.1532941 | J16: 0.054610628 | K16: -0.29784898 | L16: 3.997006 | M16: 105.82591 | N16: =M16/M15-1 -> 0
A17: 2 | B17: =B16+1 -> 1931 | C17: United States | D17: -2.48 | E17: -6.7 | F17: 13 | G17: 1.5402544 | H17: 7.4710585 | I17: -7.0196103 | J17: -1.6258695 | K17: -0.34993239 | L17: 15.04491 | M17: 105.90179 | N17: =M17/M16-1 -> 0.00071698681
A18: 2 | B18: =B17+1 -> 1932 | C18: United States | D18: -3.4 | E18: -8.9 | F18: 27.8 | G18: 0.03442228 | H18: 9.1642121 | I18: -11.898055 | J18: -2.1910864 | K18: -0.43459326 | L18: 23.802395 | M18: 128.4883 | N18: =M18/M17-1 -> 0.21327786
A19: 2 | B19: =B18+1 -> 1933 | C19: United States | D19: -3 | E19: -6.2 | F19: 30 | G19: 0.12196771 | H19: 9.7398188 | I19: -2.828513 | J19: -3.3231044 | K19: 0.36770708 | L19: -3.4131737 | M19: 140.50849 | N19: =M19/M18-1 -> 0.093550876
A20: 2 | B20: =B19+1 -> 1934 | C20: United States | D20: -2.1 | E20: 6.2 | F20: 13.1 | G20: 0.14675429 | H20: 11.168554 | I20: 9.2035668 | J20: -3.1030372 | K20: -0.1062873 | L20: -9.4760479 | M20: 153.24094 | N20: =M20/M19-1 -> 0.090616916
A21: 2 | B21: =B20+1 -> 1935 | C21: United States | D21: -1.4 | E21: 5.9 | F21: -8.2 | G21: 0.024469614 | H21: 11.74416 | I21: 9.5792665 | J21: -3.0288894 | K21: 0.27114978 | L21: -2.4700599 | M21: 171.62001 | N21: =M21/M20-1 -> 0.11993579
A22: 2 | B22: =B21+1 -> 1936 | C22: United States | D22: -0.18 | E22: 5.8 | F22: -19.4 | G22: 0.13337841 | H22: 12.685003 | I22: 12.343458 | J22: -2.7934077 | K22: 0.22463098 | L22: -6.6467066 | M22: 178.69849 | N22: =M22/M21-1 -> 0.041245053
A23: 3 | B23: 1925 | C23: Japan | D23: -0.6371064 | E23: -1.3471614 | F23: 4.5235066 | G23: 5.8362351 | H23: 0.19750707 | I23: 3.0641391 | J23: 1.1144459 | K23: 0.1 | L23: 5.603979 | M23: 125.48284 | N23: 0
A24: 3 | B24: =B23+1 -> 1926 | C24: Japan | D24: 0.27741439 | E24: -9.0513301 | F24: 3.95437 | G24: 6.5147388 | H24: 0.1954415 | I24: 2.6749427 | J24: 1.0099583 | K24: 0.35974795 | L24: 11.061628 | M24: 112.48903 | N24: =M24/M23-1 -> -0.10355049
A25: 3 | B25: =B24+1 -> 1927 | C25: Japan | D25: 0.98421004 | E25: -5.5497607 | F25: 3.4443335 | G25: 5.3245992 | H25: 0.1891577 | I25: 1.5867584 | J25: 0.36906526 | K25: 0.035076222 | L25: 13.297428 | M25: 102.24437 | N25: =M25/M24-1 -> -0.091072455
A26: 3 | B26: =B25+1 -> 1928 | C26: Japan | D26: 0.48955751 | E26: -4.7742598 | F26: 4.0489735 | G26: 2.2768488 | H26: 0.16951051 | I26: 5.0481463 | J26: -2.9860541 | K26: -0.097863937 | L26: 8.7514274 | M26: 106.32768 | N26: =M26/M25-1 -> 0.039936734
A27: 3 | B27: =B26+1 -> 1929 | C27: Japan | D27: 0.50747039 | E27: 1.9012782 | F27: 4.463324 | G27: 2.5512843 | H27: 0.16437181 | I27: 5.3165576 | J27: -2.7331514 | K27: -0.046319659 | L27: 6.914945 | M27: 105.30888 | N27: =M27/M26-1 -> -0.009581749
A28: 3 | B28: =B27+1 -> 1930 | C28: Japan | D28: -0.19105159 | E28: -2.1122794 | F28: 5.7992471 | G28: 2.8829512 | H28: 0.17380329 | I28: 0.47508807 | J28: -2.4454905 | K28: -0.17412787 | L28: 10.339278 | M28: 109.39218 | N28: =M28/M27-1 -> 0.03877457
A29: 3 | B29: =B28+1 -> 1931 | C29: Japan | D29: -1.8885982 | E29: -15.966393 | F29: 10.071776 | G29: 2.0355111 | H29: 0.18496437 | I29: -3.9872505 | J29: -2.5141538 | K29: -0.11155193 | L29: 3.1798222 | M29: 99.107102 | N29: =M29/M28-1 -> -0.094020253
A30: 3 | B30: =B29+1 -> 1932 | C30: Japan | D30: -1.3518544 | E30: -2.5465742 | F30: 11.003307 | G30: 6.0410274 | H30: 0.17804253 | I30: 4.2160711 | J30: 0.059760531 | K30: -0.163431 | L30: 13.903938 | M30: 143.06935 | N30: =M30/M29-1 -> 0.44358326
A31: 3 | B31: =B30+1 -> 1933 | C31: Japan | D31: 1.2409345 | E31: 5.7999069 | F31: 8.55011 | G31: 3.1415273 | H31: 0.16883734 | I31: 9.2398367 | J31: -2.1166743 | K31: -0.13170439 | L31: -43.374536 | M31: 237.22797 | N31: =M31/M30-1 -> 0.6581327
A32: 3 | B32: =B31+1 -> 1934 | C32: Japan | D32: 2.9095635 | E32: 2.7899178 | F32: 1.7258831 | G32: 2.3988967 | H32: 0.17189611 | I32: 5.5301683 | J32: -2.2563466 | K32: 0.73233834 | L32: -25.643534 | M32: 275.69191 | N32: =M32/M31-1 -> 0.16213913
A33: 3 | B33: =B32+1 -> 1935 | C33: Japan | D33: 1.5912398 | E33: 1.5024287 | F33: -2.3801701 | G33: 2.2802965 | H33: 0.17015251 | I33: 2.437846 | J33: -2.2188163 | K33: -0.15278199 | L33: -27.480016 | M33: 285.21693 | N33: =M33/M32-1 -> 0.034549507
A34: 3 | B34: =B33+1 -> 1936 | C34: Japan | D34: 0.72266593 | E34: 2.4458474 | F34: -2.5195858 | G34: 2.2685744 | H34: 0.16585529 | I34: 4.6220433 | J34: -2.1458882 | K34: 0.084869526 | L34: -23.464242 | M34: 292.21919 | N34: =M34/M33-1 -> 0.024550661
A35: 4 | B35: 1926 | C35: France | D35: 1.3571352 | E35: 23.576193 | F35: -36.297961 | G35: 4.3754941 | H35: 0.16716507 | I35: 3.17246 | J35: -0.73362861 | K35: 0.2 | L35: -34.531227 | M35: 112.2688 | N35: 0
A36: 4 | B36: =B35+1 -> 1927 | C36: France | D36: 0.65794671 | E36: 35.24085 | F36: -29.869845 | G36: 1.9565217 | H36: 0.17797116 | I36: 1.6317947 | J36: 1.915407 | K36: 0.39183874 | L36: -13.427947 | M36: 165.0811 | N36: =M36/M35-1 -> 0.47040933
A37: 4 | B37: =B36+1 -> 1928 | C37: France | D37: 0.79132227 | E37: -16.011273 | F37: -10.457392 | G37: 2.7747036 | H37: 0.18419005 | I37: 3.6556895 | J37: -1.4591971 | K37: 0.49000353 | L37: -17.681652 | M37: 107.01888 | N37: =M37/M36-1 -> -0.35171938
A38: 4 | B38: =B37+1 -> 1929 | C38: France | D38: 2.0848773 | E38: 13.770645 | F38: -10.841699 | G38: 3.3794466 | H38: 0.18906485 | I38: 8.0088691 | J38: -0.91007648 | K38: 0.45521787 | L38: -8.4782503 | M38: 109.45177 | N38: =M38/M37-1 -> 0.022733316
A39: 4 | B39: =B38+1 -> 1930 | C39: France | D39: 2.3456923 | E39: 2.5798115 | F39: -5.1082918 | G39: 1.8498024 | H39: 0.2187098 | I39: 5.6142089 | J39: -0.31313574 | K39: -0.1357357 | L39: -8.6260024 | M39: 109.45177 | N39: =M39/M38-1 -> 0
A40: 4 | B40: =B39+1 -> 1931 | C40: France | D40: 0.49759548 | E40: 6.0499175 | F40: -0.8825522 | G40: 1.0671937 | H40: 0.26799246 | I40: -2.7716737 | J40: -1.1047563 | K40: -0.17918269 | L40: 2.6925881 | M40: 106.70587 | N40: =M40/M39-1 -> -0.025087742
A41: 4 | B41: =B40+1 -> 1932 | C41: France | D41: -1.0491101 | E41: -11.945012 | F41: 9.3426536 | G41: 0.56916996 | H41: 0.31259002 | I41: -5.0154676 | J41: -1.7947879 | K41: -0.24548753 | L41: 8.7893074 | M41: 106.70587 | N41: =M41/M40-1 -> 0
A42: 4 | B42: =B41+1 -> 1933 | C42: France | D42: -1.8337341 | E42: -11.161051 | F42: 1.0012112 | G42: 1.3517787 | H42: 0.33833377 | I42: -3.482117 | J42: -2.9668066 | K42: 0.21420745 | L42: 4.5044957 | M42: 104.99858 | N42: =M42/M41-1 -> -0.016
A43: 4 | B43: =B42+1 -> 1934 | C43: France | D43: -1.5740462 | E43: 0.64316834 | F43: 0.55285254 | G43: 2.8814229 | H43: 0.35698279 | I43: -0.25494887 | J43: -2.5665542 | K43: 0 | L43: 30.782989 | M43: 104.99858 | N43: =M43/M42-1 -> 0
A44: 4 | B44: =B43+1 -> 1935 | C44: France | D44: -1.7068207 | E44: -11.565954 | F44: 0.55285254 | G44: 3.486166 | H44: 0.40723286 | I44: -3.495375 | J44: -2.3361059 | K44: -0.08296987 | L44: 17.147023 | M44: 104.79939 | N44: =M44/M43-1 -> -0.001897019
A45: 4 | B45: =B44+1 -> 1936 | C45: France | D45: -1.4868825 | E45: -1.2590149 | F45: 9.7088953 | G45: 5.7272727 | H45: 0.34579013 | I45: -1.8289877 | J45: -0.04815492 | K45: -0.17149574 | L45: 24.274119 | M45: 104.79939 | N45: =M45/M44-1 -> 0
A46: 4 | B46: =B45+1 -> 1937 | C46: France | D46: -0.12509929 | E46: 26.238216 | F46: -10.600275 | G46: 2.0988142 | H46: 0.25801144 | I46: 0.79837247 | J46: -1.1481729 | K46: 0.16502804 | L46: 6.4933171 | M46: 104.77094 | N46: =M46/M45-1 -> -0.00027151778
A47: 4 | B47: =B46+1 -> 1938 | C47: France | D47: 0.49857232 | E47: 17.640485 | F47: -20.695736 | G47: 2.7747036 | H47: 0.24855843 | I47: -0.23391902 | J47: -0.91664306 | K47: -0.4458541 | L47: -8.6376671 | M47: 204.43422 | N47: =M47/M46-1 -> 0.95124932
A48: 5 | B48: 1941 | C48: United Kingdom | D48: -0.13436627 | E48: 13.945967 | F48: -13.20135 | G48: 0.95958778 | H48: 11.891959 | I48: 11.352978 | J48: -2.0925043 | K48: 0.2 | L48: 10.287413 | M48: 120.11149 | N48: 0
A49: 5 | B49: =B48+1 -> 1942 | C49: United Kingdom | D49: 0.60757095 | E49: 7.4575738 | F49: -8.4507112 | G49: 0.95275316 | H49: 12.441478 | I49: 2.6063499 | J49: -1.5402125 | K49: 0.26539798 | L49: 12.378593 | M49: 105.31025 | N49: =M49/M48-1 -> -0.12322912
A50: 5 | B50: =B49+1 -> 1943 | C50: United Kingdom | D50: 1.0967399 | E50: 5.5687869 | F50: 7.6533525 | G50: 0.95275316 | H50: 13.792611 | I50: 2.518849 | J50: -1.44366 | K50: 0.24613895 | L50: 9.8529898 | M50: 104.95819 | N50: =M50/M49-1 -> -0.003343084
A51: 5 | B51: =B50+1 -> 1944 | C51: United Kingdom | D51: 1.1591862 | E51: 4.4414426 | F51: 21.210436 | G51: 0.95692153 | H51: 14.562558 | I51: -0.1715432 | J51: -1.6183686 | K51: 0.10865206 | L51: 9.9768748 | M51: 106.36644 | N51: =M51/M50-1 -> 0.013417191
A52: 5 | B52: =B51+1 -> 1945 | C52: United Kingdom | D52: 0.51174479 | E52: 4.0220328 | F52: 26.416851 | G52: 0.95087552 | H52: 16.037669 | I52: -7.1664246 | J52: -1.6183686 | K52: 0.049751487 | L52: 6.8913115 | M52: 109.41763 | N52: =M52/M51-1 -> 0.028685699
A53: 5 | B53: =B52+1 -> 1946 | C53: United Kingdom | D53: 0.023623952 | E53: 3.9464918 | F53: 31.504108 | G53: 0.46527972 | H53: 16.557798 | I53: -4.3193609 | J53: -2.009035 | K53: 0.04689683 | L53: 3.6389164 | M53: 109.16826 | N53: =M53/M52-1 -> -0.0022791259
A54: 5 | B54: =B53+1 -> 1947 | C54: United Kingdom | D54: -0.1582321 | E54: 3.9887213 | F54: 28.569123 | G54: 0.45818223 | H54: 17.105454 | I54: -2.1397939 | J54: -1.5224446 | K54: 0.011536351 | L54: -4.1328048 | M54: 109.16826 | N54: =M54/M53-1 -> 0
A55: 5 | B55: =B54+1 -> 1948 | C55: United Kingdom | D55: -0.033863685 | E55: 7.5567213 | F55: 15.946677 | G55: 0.44898178 | H55: 15.731553 | I55: 0.35622882 | J55: -2.1785446 | K55: 0.02499377 | L55: -1.3396102 | M55: 111.20728 | N55: =M55/M54-1 -> 0.018677775
A56: 5 | B56: =B55+1 -> 1949 | C56: United Kingdom | D56: -0.19661094 | E56: 3.691541 | F56: -4.3688405 | G56: 0.44898178 | H56: 14.226224 | I56: 2.5316456 | J56: -1.7093794 | K56: -0.11143846 | L56: 2.0664024 | M56: 121.18234 | N56: =M56/M55-1 -> 0.089697929
A57: 5 | B57: =B56+1 -> 1950 | C57: United Kingdom | D57: -0.28558375 | E57: 3.2375082 | F57: -8.8424397 | G57: 0.43741551 | H57: 13.720584 | I57: 3.4287888 | J57: -2.1965982 | K57: -0.28989216 | L57: -20.459201 | M57: 119.99413 | N57: =M57/M56-1 -> -0.0098051083
A58: 5 | B58: =B57+1 -> 1951 | C58: United Kingdom | D58: -0.0018947538 | E58: 7.2060328 | F58: -11.792319 | G58: 0.47906161 | H58: 12.877988 | I58: 3.7459362 | J58: -1.9145392 | K58: 0.18159976 | L58: -16.841758 | M58: 159.71835 | N58: =M58/M57-1 -> 0.33105134
A59: 5 | B59: =B58+1 -> 1952 | C59: United Kingdom | D59: -0.4596189 | E59: 10.317377 | F59: -13.218479 | G59: 2.4187786 | H59: 12.303839 | I59: 1.1471951 | J59: -1.5323284 | K59: -0.2129635 | L59: -15.113974 | M59: 164.57386 | N59: =M59/M58-1 -> 0.030400441
A60: 5 | B60: 1953 | C60: United Kingdom | D60: -0.78672597 | E60: 5.5887213 | F60: -14.607403 | G60: 2.4266271 | H60: 11.938942 | I60: 3.5059141 | J60: -1.1422905 | K60: 0.15381803 | L60: -10.181698 | M60: 154.10004 | N60: =M60/M59-1 -> -0.063642036
A61: 6 | B61: 1943 | C61: United States | D61: 0.47611383 | E61: 5.2076569 | F61: -1.0906797 | G61: 0.27005677 | H61: 13.946883 | I61: 12.049923 | J61: -1.6826902 | K61: 0.1 | L61: -11.0213 | M61: 101.30879 | N61: 0
A62: 6 | B62: =B61+1 -> 1944 | C62: United States | D62: 0.67344997 | E62: 3.4597868 | F62: 12.544971 | G62: 0.26721193 | H62: 16.266714 | I62: 2.9423756 | J62: -1.6693783 | K62: 0.14119721 | L62: -17.34462 | M62: 104.33685 | N62: =M62/M61-1 -> 0.029889381
A63: 6 | B63: =B62+1 -> 1945 | C63: United States | D63: 0.34208322 | E63: 3.6124443 | F63: 30.31314 | G63: 0.26721193 | H63: 16.699593 | I63: -6.8881943 | J63: -1.2344369 | K63: 0.33966365 | L63: -27.508465 | M63: 104.9934 | N63: =M63/M62-1 -> 0.0062926062
A64: 6 | B64: =B63+1 -> 1946 | C64: United States | D64: 0.030821057 | E64: 13.746476 | F64: 15.979504 | G64: 0.29454273 | H64: 12.987022 | I64: -4.6335055 | J64: -1.4197155 | K64: -0.19602904 | L64: -17.853632 | M64: 109.75339 | N64: =M64/M63-1 -> 0.045336113
A65: 6 | B65: =B64+1 -> 1947 | C65: United States | D65: 0.16084272 | E65: 10.651221 | F65: 2.8738055 | G65: 0.69454781 | H65: 12.521816 | I65: -0.14632599 | J65: -1.1709227 | K65: 0.020925169 | L65: -12.054615 | M65: 109.40059 | N65: =M65/M64-1 -> -0.0032144944
A66: 6 | B66: =B65+1 -> 1948 | C66: United States | D66: 0.048143317 | E66: 4.9415638 | F66: -8.8950098 | G66: 0.97039586 | H66: 11.32127 | I66: -0.81861013 | J66: -0.98425197 | K66: -0.0049419966 | L66: -1.3096668 | M66: 120.73929 | N66: =M66/M65-1 -> 0.10364392
A67: 6 | B67: =B66+1 -> 1949 | C67: United States | D67: -0.095490827 | E67: 1.5313811 | F67: -8.3041224 | G67: 0.99914909 | H67: 11.232037 | I67: 0.60840808 | J67: -0.78496542 | K67: 0 | L67: 13.026761 | M67: 119.5809 | N67: =M67/M66-1 -> -0.0095941997
A68: 6 | B68: =B67+1 -> 1950 | C68: United States | D68: 0.58567189 | E68: 4.8521612 | F68: -6.5462323 | G68: 1.2439071 | H68: 10.228113 | I68: 10.908308 | J68: -0.80893549 | K68: 0.23060435 | L68: 9.1938831 | M68: 113.24745 | N68: =M68/M67-1 -> -0.052963728
A69: 6 | B69: =B68+1 -> 1951 | C69: United States | D69: 0.68158754 | E69: 6.5906103 | F69: -6.8305969 | G69: 1.5817321 | H69: 10.13888 | I69: 4.7087071 | J69: -0.88284683 | K69: 0.21220103 | L69: 5.3599126 | M69: 114.54357 | N69: =M69/M68-1 -> 0.01144504
A70: 7 | B70: 1984 | C70: Norway | D70: -0.86622918 | E70: 7.2458601 | F70: 4.0514792 | G70: 7.9501856 | H70: 5.3721014 | I70: 10.283262 | J70: -4.1709288 | K70: 0.1 | L70: -9.8291433 | M70: 128.35086 | N70: 0
A71: 7 | B71: =B70+1 -> 1985 | C71: Norway | D71: 0.61534578 | E71: 6.0995325 | F71: 4.4902223 | G71: 10.084623 | H71: 5.3721014 | I71: 5.3390558 | J71: -4.2791662 | K71: 0.33333333 | L71: -8.1088871 | M71: 120.22694 | N71: =M71/M70-1 -> -0.06329466
A72: 7 | B72: =B71+1 -> 1986 | C72: Norway | D72: 1.560424 | E72: 9.408223 | F72: 12.571452 | G72: 15.117884 | H72: 5.5896924 | I72: 5.4763948 | J72: 0.42946868 | K72: 0 | L72: -0.67926341 | M72: 111.23096 | N72: =M72/M71-1 -> -0.074825027
A73: 7 | B73: =B72+1 -> 1987 | C73: Norway | D73: 2.3843009 | E73: 10.768646 | F73: 11.685609 | G73: 13.878713 | H73: 5.5615152 | I73: 1.2188841 | J73: 1.896056 | K73: 0.55 | L73: 6.1311449 | M73: 128.88634 | N73: =M73/M72-1 -> 0.15872725
A74: 7 | B74: =B73+1 -> 1988 | C74: Norway | D74: 1.429581 | E74: 7.945646 | F74: 11.09644 | G74: 12.695235 | H74: 5.3235739 | I74: -0.15450644 | J74: 1.5022991 | K74: -0.15053763 | L74: 9.7796637 | M74: 120.69612 | N74: =M74/M73-1 -> -0.063546077
A75: 7 | B75: =B74+1 -> 1989 | C75: Norway | D75: -0.354316 | E75: 5.4327784 | F75: 0.38692963 | G75: 10.094369 | H75: 4.7286004 | I75: -0.97854077 | J75: 0.70320999 | K75: 0.49367089 | L75: 7.4051241 | M75: 112.04182 | N75: =M75/M74-1 -> -0.071703215
A76: 7 | B76: =B75+1 -> 1990 | C76: Norway | D76: -0.90474508 | E76: 4.5103334 | F76: 0.38692963 | G76: 10.381188 | H76: 4.1761336 | I76: 2.0429185 | J76: 0.7710361 | K76: 0.28813559 | L76: 7.2206565 | M76: 116.63671 | N76: =M76/M75-1 -> 0.041010469
A77: 7 | B77: =B76+1 -> 1991 | C77: Norway | D77: -1.2606764 | E77: 3.9549089 | F77: -3.2316564 | G77: 10.381188 | H77: 4.1512076 | I77: 1.1502146 | J77: 0.37301461 | K77: -0.15131579 | L77: 4.5372298 | M77: 92.346529 | N77: =M77/M76-1 -> -0.208255
A78: 7 | B78: =B77+1 -> 1992 | C78: Norway | D78: -1.5308935 | E78: 2.8575174 | F78: -1.4307204 | G78: 10.673577 | H78: 4.1512076 | I78: 3.1416309 | J78: 1.437316 | K78: -0.13953488 | L78: 9.6643715 | M78: 93.738765 | N78: =M78/M77-1 -> 0.015076209
A79: 7 | B79: =B78+1 -> 1993 | C79: Norway | D79: -1.2415952 | E79: 3.4918513 | F79: 3.1071369 | G79: 8.4876238 | H79: 4.9781016 | I79: 2.9356223 | J79: 1.0405129 | K79: 0 | L79: 1.6995997 | M79: 104.76955 | N79: =M79/M78-1 -> 0.11767586
A80: 7 | B80: =B79+1 -> 1994 | C80: Norway | D80: -0.87708228 | E80: 1.7558439 | F80: 0.32425205 | G80: 5.2003403 | H80: 5.4674706 | I80: 4.4463519 | J80: -1.7955933 | K80: 0.16216216 | L80: 2.4196958 | M80: 121.33359 | N80: =M80/M79-1 -> 0.15809969
A81: 7 | B81: =B80+1 -> 1995 | C81: Norway | D81: -0.51640586 | E81: 2.3179971 | F81: -9.2570617 | G81: 4.9678218 | H81: 4.5317209 | I81: 4.1716738 | J81: -2.306726 | K81: 0.093023256 | L81: 4.272538 | M81: 111.17996 | N81: =M81/M80-1 -> -0.083683591
A82: 7 | B82: =B81+1 -> 1996 | C82: Norway | D82: 0.071781928 | E82: -0.34840739 | F82: -13.381247 | G82: 3.8943379 | H82: 4.6007191 | I82: 4.6523605 | J82: -1.7736615 | K82: 0.10638298 | L82: -0.83586869 | M82: 108.1558 | N82: =M82/M81-1 -> -0.027200587
A83: 8 | B83: 1987 | C83: Finland | D83: 1.0069551 | E83: 3.1135224 | F83: -4.4863992 | G83: 4.8464104 | H83: 11.858342 | I83: 4.0458888 | J83: -1.4185879 | K83: 0.02 | L83: 11.513003 | M83: 113.65317 | N83: 0
A84: 8 | B84: =B83+1 -> 1988 | C84: Finland | D84: 1.6597417 | E84: 5.4352429 | F84: -5.0230322 | G84: 2.9061079 | H84: 11.858342 | I84: 5.1332026 | J84: -0.66069553 | K84: 0 | L84: 16.593253 | M84: 110.15647 | N84: =M84/M83-1 -> -0.03076643
A85: 8 | B85: =B84+1 -> 1989 | C85: Finland | D85: 2.3174058 | E85: 6.5183615 | F85: 1.1529538 | G85: 2.766432 | H85: 12.035209 | I85: 5.5970965 | J85: 0.16796594 | K85: -0.061158218 | L85: 22.934008 | M85: 104.21829 | N85: =M85/M84-1 -> -0.053906837
A86: 8 | B86: =B85+1 -> 1990 | C86: Finland | D86: 1.7315509 | E86: 4.7143649 | F86: 4.4033489 | G86: 2.766432 | H86: 14.297466 | I86: -2.4943473 | J86: -0.89998341 | K86: 0 | L86: 25.125254 | M86: 89.25902 | N86: =M86/M85-1 -> -0.14353782
A87: 8 | B87: =B86+1 -> 1991 | C87: Finland | D87: 0.21122753 | E87: 3.4632909 | F87: 11.372516 | G87: 2.766432 | H87: 15.979763 | I87: -5.9538609 | J87: 1.2007519 | K87: -0.3697156 | L87: 19.791708 | M87: 84.831243 | N87: =M87/M86-1 -> -0.049605934
A88: 8 | B88: =B87+1 -> 1992 | C88: Finland | D88: -1.481438 | E88: 2.4574984 | F88: 14.060388 | G88: 2.766432 | H88: 18.793189 | I88: -3.4508364 | J88: 2.1337978 | K88: 0.047256098 | L88: 1.364451 | M88: 77.279193 | N88: =M88/M87-1 -> -0.08902439
A89: 8 | B89: =B88+1 -> 1993 | C89: Finland | D89: -2.1312438 | E89: 1.6301932 | F89: 9.696715 | G89: 2.766432 | H89: 18.126851 | I89: 0.76826165 | J89: -1.2113673 | K89: 0.78719068 | L89: -15.635031 | M89: 96.43864 | N89: =M89/M88-1 -> 0.24792503
A90: 8 | B90: =B89+1 -> 1994 | C90: Finland | D90: -1.4128805 | E90: 2.0672653 | F90: 6.655795 | G90: 2.766432 | H90: 15.918065 | I90: 2.2503859 | J90: -5.3336651 | K90: 0.54618016 | L90: -5.5067904 | M90: 95.217897 | N90: =M90/M89-1 -> -0.012658228
A91: 8 | B91: =B90+1 -> 1995 | C91: Finland | D91: -1.2973083 | E91: -0.2771819 | F91: -1.0477119 | G91: 2.766432 | H91: 13.573544 | I91: 4.5161236 | J91: -2.4564604 | K91: 0.16403287 | L91: 2.6727468 | M91: 95.217897 | N91: =M91/M90-1 -> 0
A92: 8 | B92: =B91+1 -> 1996 | C92: Finland | D92: -1.15098 | E92: 0.71419861 | F92: -10.610605 | G92: 2.766432 | H92: 14.704673 | I92: 3.0944057 | J92: -3.7431304 | K92: 0.32726944 | L92: -5.868812 | M92: 90.76943 | N92: =M92/M91-1 -> -0.046718818
A93: 8 | B93: =B92+1 -> 1997 | C93: Finland | D93: -0.83312257 | E93: 1.4833015 | F93: -17.330285 | G93: 2.766432 | H93: 14.001316 | I93: 6.3730341 | J93: -2.9211036 | K93: 0.55076713 | L93: -10.866622 | M93: 88.596922 | N93: =M93/M92-1 -> -0.023934351
A94: 8 | B94: =B93+1 -> 1998 | C94: Finland | D94: -0.34373589 | E94: 0.79568194 | F94: -17.857503 | G94: 2.766432 | H94: 13.832675 | I94: 5.6565016 | J94: -0.88317576 | K94: 0.25252836 | L94: -5.8281891 | M94: 80.237941 | N94: =M94/M93-1 -> -0.094348435
A95: 8 | B95: =B94+1 -> 1999 | C95: Finland | D95: 0.37381447 | E95: 1.5772567 | F95: -15.294375 | G95: 2.766432 | H95: 0 | I95: 4.159693 | J95: -2.4420855 | K95: 0.42783921 | L95: -10.330161 | M95: 83.21738 | N95: =M95/M94-1 -> 0.037132543
A96: 9 | B96: 1987 | C96: Sweden | D96: 1.436206 | E96: 5.0118134 | F96: 4.0863245 | G96: 9.140391 | H96: 4.5320568 | I96: 3.6458482 | J96: -0.67094271 | K96: 0.1 | L96: 0.39140804 | M96: 136.69414 | N96: 0
A97: 9 | B97: =B96+1 -> 1988 | C97: Sweden | D97: 1.9786188 | E97: 5.4416795 | F97: 5.2632295 | G97: 10.639727 | H97: 4.2140537 | I97: 1.3862107 | J97: -1.1042766 | K97: 0.21332645 | L97: 2.3270167 | M97: 137.00824 | N97: =M97/M96-1 -> 0.0022978391
A98: 9 | B98: =B97+1 -> 1989 | C98: Sweden | D98: 2.5901931 | E98: 6.2902448 | F98: 5.3774997 | G98: 12.614136 | H98: 4.2140537 | I98: 2.571994 | J98: 1.1755368 | K98: 0.30395913 | L98: 7.0548519 | M98: 122.00824 | N98: =M98/M97-1 -> -0.10948246
A99: 9 | B99: =B98+1 -> 1990 | C99: Sweden | D99: 2.734422 | E99: 7.5395249 | F99: 4.8255825 | G99: 14.359244 | H99: 3.6990939 | I99: 1.265416 | J99: 1.0944631 | K99: 0.13581456 | L99: 10.913823 | M99: 124.3072 | N99: =M99/M98-1 -> 0.018842604
A100: 9 | B100: =B99+1 -> 1991 | C100: Sweden | D100: 1.7249747 | E100: 7.1838304 | F100: 4.6825505 | G100: 10.997447 | H100: 6.2800479 | I100: -1.4264229 | J100: 1.918798 | K100: -0.17188847 | L100: 11.970254 | M100: 110.94119 | N100: =M100/M99-1 -> -0.10752399
...

Sheet Sheet20
A1: SUMMARY OUTPUT
A3: Regression Statistics
A4: Multiple R | B4: 0.63361807
A5: R Square | B5: 0.40147185
A6: Adjusted R Square | B6: 0.3203155
A7: Standard Error | B7: 1.0625027
A8: Observations | B8: 68
A10: ANOVA
B11: df | C11: SS | D11: MS | E11: F | F11: Significance F
A12: Regression | B12: 8 | C12: 44.676862 | D12: 5.5846077 | E12: 4.9468934 | F12: 0.00010379911
A13: Residual | B13: 59 | C13: 66.605813 | D13: 1.1289121
A14: Total | B14: 67 | C14: 111.28267
B16: Coefficients | C16: Standard Error | D16: t Stat | E16: P-value | F16: Lower 95% | G16: Upper 95% | H16: Lower 95.0% | I16: Upper 95.0%
A17: Intercept | B17: -0.52522067 | C17: 0.43586387 | D17: -1.2050108 | E17: 0.23301031 | F17: -1.3973823 | G17: 0.34694092 | H17: -1.3973823 | I17: 0.34694092
A18: CoreInflation | B18: 0.036672916 | C18: 0.019093682 | D18: 1.9206833 | E18: 0.059608443 | F18: -0.0015334536 | G18: 0.074879286 | H18: -0.0015334536 | I18: 0.074879286
A19: ChangeDebt/GDP | B19: 0.011024007 | C19: 0.0128746 | D19: 0.85626016 | E19: 0.39531824 | F19: -0.014738008 | G19: 0.036786022 | H19: -0.014738008 | I19: 0.036786022
A20: SRi | B20: 0.12921249 | C20: 0.10704833 | D20: 1.2070482 | E20: 0.23223069 | F20: -0.084990717 | G20: 0.34341571 | H20: -0.084990717 | I20: 0.34341571
A21: Money0/GDP | B21: 0.0093025971 | C21: 0.021145832 | D21: 0.43992579 | E21: 0.66159823 | F21: -0.033010116 | G21: 0.05161531 | H21: -0.033010116 | I21: 0.05161531
A22: R.GDPg | B22: 0.080445674 | C22: 0.035140311 | D22: 2.2892704 | E22: 0.025658895 | F22: 0.010130075 | G22: 0.15076127 | H22: 0.010130075 | I22: 0.15076127
A23: Curve | B23: 0.21049158 | C23: 0.14778993 | D23: 1.424262 | E23: 0.15963848 | F23: -0.085235389 | G23: 0.50621855 | H23: -0.085235389 | I23: 0.50621855
A24: EquityG | B24: 0.57337592 | C24: 0.59179069 | D24: 0.96888298 | E24: 0.33655874 | F24: -0.61079451 | G24: 1.7575464 | H24: -0.61079451 | I24: 1.7575464
A25: R.FXxTWI | B25: -0.021063976 | C25: 0.010247222 | D25: -2.0555791 | E25: 0.044257262 | F25: -0.041568619 | G25: -0.00055933202 | H25: -0.041568619 | I25: -0.00055933202

Sheet Sheet21
A1: SUMMARY OUTPUT
A3: Regression Statistics
A4: Multiple R | B4: 0.92040358
A5: R Square | B5: 0.84714274
A6: Adjusted R Square | B6: 0.76621831
A7: Standard Error | B7: 0.38346901
A8: Observations | B8: 27
A10: ANOVA
B11: df | C11: SS | D11: MS | E11: F | F11: Significance F
A12: Regression | B12: 9 | C12: 13.854154 | D12: 1.5393504 | E12: 10.468319 | F12: 2.407132e-05
A13: Residual | B13: 17 | C13: 2.4998242 | D13: 0.14704848
A14: Total | B14: 26 | C14: 16.353978
B16: Coefficients | C16: Standard Error | D16: t Stat | E16: P-value | F16: Lower 95% | G16: Upper 95% | H16: Lower 95.0% | I16: Upper 95.0%
A17: Intercept | B17: -1.3867738 | C17: 0.37942298 | D17: -3.6549548 | E17: 0.0019605022 | F17: -2.1872864 | G17: -0.58626133 | H17: -2.1872864 | I17: -0.58626133
A18: X Variable 1 | B18: 0.23335962 | C18: 0.15497288 | D18: 1.5058094 | E18: 0.15047084 | F18: -0.093604585 | G18: 0.56032382 | H18: -0.093604585 | I18: 0.56032382
A19: X Variable 2 | B19: -0.027677407 | C19: 0.025051773 | D19: -1.1048083 | E19: 0.28463469 | F19: -0.080532028 | G19: 0.025177214 | H19: -0.080532028 | I19: 0.025177214
A20: X Variable 3 | B20: 0.23023674 | C20: 0.1016815 | D20: 2.2642932 | E20: 0.036920986 | F20: 0.015707515 | G20: 0.44476596 | H20: 0.015707515 | I20: 0.44476596
A21: X Variable 4 | B21: 0.021531265 | C21: 0.0065072763 | D21: 3.3087983 | E21: 0.0041505003 | F21: 0.007802112 | G21: 0.035260418 | H21: 0.007802112 | I21: 0.035260418
A22: X Variable 5 | B22: 0.068622776 | C22: 0.038721739 | D22: 1.7722029 | E22: 0.094281229 | F22: -0.013072951 | G22: 0.1503185 | H22: -0.013072951 | I22: 0.1503185
A23: X Variable 6 | B23: -0.11065041 | C23: 0.18937616 | D23: -0.58428903 | E23: 0.56669952 | F23: -0.5101992 | G23: 0.28889837 | H23: -0.5101992 | I23: 0.28889837
A24: X Variable 7 | B24: -0.48502496 | C24: 0.52539017 | D24: -0.92317098 | E24: 0.36883616 | F24: -1.5935013 | G24: 0.62345141 | H24: -1.5935013 | I24: 0.62345141
A25: X Variable 8 | B25: -0.023895729 | C25: 0.010135148 | D25: -2.3577089 | E25: 0.030631394 | F25: -0.045279023 | G25: -0.0025124353 | H25: -0.045279023 | I25: -0.0025124353
A26: X Variable 9 | B26: 1.9097302 | C26: 0.73305878 | D26: 2.6051529 | E26: 0.018481984 | F26: 0.36311138 | G26: 3.456349 | H26: 0.36311138 | I26: 3.456349

Sheet Sheet22
A1: SUMMARY OUTPUT
A3: Regression Statistics
A4: Multiple R | B4: 0.80430265
A5: R Square | B5: 0.64690275
A6: Adjusted R Square | B6: 0.54097357
A7: Standard Error | B7: 0.93113638
A8: Observations | B8: 40
A10: ANOVA
B11: df | C11: SS | D11: MS | E11: F | F11: Significance F
A12: Regression | B12: 9 | C12: 47.653247 | D12: 5.2948053 | E12: 6.1069364 | F12: 7.4118466e-05
A13: Residual | B13: 30 | C13: 26.010449 | D13: 0.86701496
A14: Total | B14: 39 | C14: 73.663696
B16: Coefficients | C16: Standard Error | D16: t Stat | E16: P-value | F16: Lower 95% | G16: Upper 95% | H16: Lower 95.0% | I16: Upper 95.0%
A17: Intercept | B17: -0.2379376 | C17: 0.72783014 | D17: -0.32691364 | E17: 0.74600329 | F17: -1.724365 | G17: 1.2484899 | H17: -1.724365 | I17: 1.2484899
A18: X Variable 1 | B18: 0.34981614 | C18: 0.091312702 | D18: 3.8309691 | E18: 0.00060629701 | F18: 0.16333072 | G18: 0.53630155 | H18: 0.16333072 | I18: 0.53630155
A19: X Variable 2 | B19: -0.00079746871 | C19: 0.03040842 | D19: -0.02622526 | E19: 0.97925134 | F19: -0.062899747 | G19: 0.061304809 | H19: -0.062899747 | I19: 0.061304809
A20: X Variable 3 | B20: -0.12899302 | C20: 0.069523078 | D20: -1.8553986 | E20: 0.073389071 | F20: -0.27097809 | G20: 0.012992046 | H20: -0.27097809 | I20: 0.012992046
A21: X Variable 4 | B21: -0.090272229 | C21: 0.04244485 | D21: -2.1268123 | E21: 0.041774046 | F21: -0.17695618 | G21: -0.0035882809 | H21: -0.17695618 | I21: -0.0035882809
A22: X Variable 5 | B22: 0.06597228 | C22: 0.077350267 | D22: 0.85290307 | E22: 0.40047151 | F22: -0.09199804 | G22: 0.2239426 | H22: -0.09199804 | I22: 0.2239426
A23: X Variable 6 | B23: 0.078197985 | C23: 0.13656201 | D23: 0.57261887 | E23: 0.57116978 | F23: -0.20069885 | G23: 0.35709482 | H23: -0.20069885 | I23: 0.35709482
A24: X Variable 7 | B24: 1.7819422 | C24: 0.87212534 | D24: 2.043218 | E24: 0.049900613 | F24: 0.00082462715 | G24: 3.5630598 | H24: 0.00082462715 | I24: 3.5630598
A25: X Variable 8 | B25: 0.070982568 | C25: 0.025819766 | D25: 2.7491561 | E25: 0.010020393 | F25: 0.01825157 | G25: 0.12371357 | H25: 0.01825157 | I25: 0.12371357
A26: X Variable 9 | B26: -2.6666548 | C26: 1.9385514 | D26: -1.3755915 | E26: 0.17913287 | F26: -6.6257049 | G26: 1.2923953 | H26: -6.6257049 | I26: 1.2923953

Sheet Sheet23
A1: SUMMARY OUTPUT
A3: Regression Statistics
A4: Multiple R | B4: 0.80144744
A5: R Square | B5: 0.642318
A6: Adjusted R Square | B6: 0.58378821
A7: Standard Error | B7: 0.68824867
A8: Observations | B8: 65
A10: ANOVA
B11: df | C11: SS | D11: MS | E11: F | F11: Significance F
A12: Regression | B12: 9 | C12: 46.784981 | D12: 5.1983312 | E12: 10.974208 | F12: 1.4761284e-09
A13: Residual | B13: 55 | C13: 26.052743 | D13: 0.47368624
A14: Total | B14: 64 | C14: 72.837724
B16: Coefficients | C16: Standard Error | D16: t Stat | E16: P-value | F16: Lower 95% | G16: Upper 95% | H16: Lower 95.0% | I16: Upper 95.0%
A17: Intercept | B17: -1.2327466 | C17: 0.46589504 | D17: -2.6459749 | E17: 0.010600568 | F17: -2.1664211 | G17: -0.29907206 | H17: -2.1664211 | I17: -0.29907206
A18: X Variable 1 | B18: 0.34898491 | C18: 0.098251556 | D18: 3.551953 | E18: 0.00079305275 | F18: 0.15208439 | G18: 0.54588543 | H18: 0.15208439 | I18: 0.54588543
A19: X Variable 2 | B19: 0.026079131 | C19: 0.011746163 | D19: 2.2202256 | E19: 0.030543134 | F19: 0.0025392947 | G19: 0.049618968 | H19: 0.0025392947 | I19: 0.049618968
A20: X Variable 3 | B20: 0.026319632 | C20: 0.034363622 | D20: 0.76591554 | E20: 0.44700124 | F20: -0.042546606 | G20: 0.09518587 | H20: -0.042546606 | I20: 0.09518587
A21: X Variable 4 | B21: -0.0086057399 | C21: 0.023721166 | D21: -0.36278738 | E21: 0.71815421 | F21: -0.056144019 | G21: 0.03893254 | H21: -0.056144019 | I21: 0.03893254
A22: X Variable 5 | B22: 0.24719352 | C22: 0.04196899 | D22: 5.8899089 | E22: 2.4213967e-07 | F22: 0.16308579 | G22: 0.33130126 | H22: 0.16308579 | I22: 0.33130126
A23: X Variable 6 | B23: -0.0015980496 | C23: 0.04006814 | D23: -0.039883298 | E23: 0.96833059 | F23: -0.081896396 | G23: 0.078700297 | H23: -0.081896396 | I23: 0.078700297
A24: X Variable 7 | B24: 0.17123023 | C24: 0.38343328 | D24: 0.44657112 | E24: 0.65693819 | F24: -0.59718723 | G24: 0.93964769 | H24: -0.59718723 | I24: 0.93964769
A25: X Variable 8 | B25: 0.070182709 | C25: 0.015582805 | D25: 4.503856 | E25: 3.5187614e-05 | F25: 0.03895407 | G25: 0.10141135 | H25: 0.03895407 | I25: 0.10141135
A26: X Variable 9 | B26: -0.99063175 | C26: 0.58130487 | D26: -1.7041518 | E26: 0.09399676 | F26: -2.1555927 | G26: 0.17432923 | H26: -2.1555927 | I26: 0.17432923

Sheet Sheet24
A1: SUMMARY OUTPUT
A3: Regression Statistics
A4: Multiple R | B4: 0.99999748
A5: R Square | B5: 0.99999495
A6: Adjusted R Square | B6: 0.99994951
A7: Standard Error | B7: 0.0082775262
A8: Observations | B8: 11
A10: ANOVA
B11: df | C11: SS | D11: MS | E11: F | F11: Significance F
A12: Regression | B12: 9 | C12: 13.571228 | D12: 1.5079142 | E12: 22007.743 | F12: 0.0052312972
A13: Residual | B13: 1 | C13: 6.8517441e-05 | D13: 6.8517441e-05
A14: Total | B14: 10 | C14: 13.571296
B16: Coefficients | C16: Standard Error | D16: t Stat | E16: P-value | F16: Lower 95% | G16: Upper 95% | H16: Lower 95.0% | I16: Upper 95.0%
A17: Intercept | B17: -2.0468295 | C17: 0.098361395 | D17: -20.809277 | E17: 0.030569558 | F17: -3.2966295 | G17: -0.79702946 | H17: -3.2966295 | I17: -0.79702946
A18: X Variable 1 | B18: 0.48694109 | C18: 0.028609701 | D18: 17.020139 | E18: 0.03736096 | F18: 0.12342037 | G18: 0.85046181 | H18: 0.12342037 | I18: 0.85046181
A19: X Variable 2 | B19: 0.10831266 | C19: 0.0019244751 | D19: 56.281663 | E19: 0.011310128 | F19: 0.083859884 | G19: 0.13276543 | H19: 0.083859884 | I19: 0.13276543
A20: X Variable 3 | B20: 0.011118069 | C20: 0.013444302 | D20: 0.82697257 | E20: 0.56011317 | F20: -0.15970799 | G20: 0.18194413 | H20: -0.15970799 | I20: 0.18194413
A21: X Variable 4 | B21: 0.066373606 | C21: 0.0017584556 | D21: 37.745399 | E21: 0.016862211 | F21: 0.044030309 | G21: 0.088716902 | H21: 0.044030309 | I21: 0.088716902
A22: X Variable 5 | B22: 0.45235973 | C22: 0.013105161 | D22: 34.517679 | E22: 0.018438139 | F22: 0.28584288 | G22: 0.61887659 | H22: 0.28584288 | I22: 0.61887659
A23: X Variable 6 | B23: 0.65454171 | C23: 0.017892831 | D23: 36.581226 | E23: 0.017398577 | F23: 0.42719173 | G23: 0.88189169 | H23: 0.42719173 | I23: 0.88189169
A24: X Variable 7 | B24: -0.28798375 | C24: 0.028738303 | D24: -10.020903 | E24: 0.063319553 | F24: -0.65313851 | G24: 0.077171019 | H24: -0.65313851 | I24: 0.077171019
A25: X Variable 8 | B25: -0.0026857732 | C25: 0.00060097114 | D25: -4.4690553 | E25: 0.14014215 | F25: -0.010321836 | G25: 0.0049502891 | H25: -0.010321836 | I25: 0.0049502891
A26: X Variable 9 | B26: -2.4748317 | C26: 0.020805679 | D26: -118.94982 | E26: 0.0053518768 | F26: -2.7391929 | G26: -2.2104705 | H26: -2.7391929 | I26: -2.2104705

Sheet Database_filler (3)
A1: Scenario | B1: Year | C1: Country | D1: BDG | E1: CoreInflation | F1: ChangeDebt/GDP | G1: SRi | H1: Money0/GDP | I1: R.GDPg | J1: Curve | K1: EquityG | L1: R.FXxTWI | M1: Gold Price
A2: 1 | B2: =Sheet1!B2 -> 1927 | C2: United Kingdom | D2: 0.28199117 | E2: 0.37353792 | F2: -1.3506502 | G2: 4.0868556 | H2: 11.987469 | I2: 0.23064702 | J2: -0.072862342 | K2: 0.07 | L2: 4.1054955 | M2: 0
A3: 1 | B3: =B2+1 -> 1928 | C3: United Kingdom | D3: 0.71689755 | E3: -2.5589234 | F3: -0.39971815 | G3: 4.0350264 | H3: 12.066902 | I3: 6.4975207 | J3: -0.24342476 | K3: 0.10452099 | L3: 9.422167 | M3: 0.00075434606
A4: 1 | B4: =B3+1 -> 1929 | C4: United Kingdom | D4: 0.738362 | E4: -0.45126399 | F4: -1.8073794 | G4: 5.4156717 | H4: 12.28637 | I4: 2.5388744 | J4: -0.038194575 | K4: 0.052382646 | L4: 7.1643626 | M4: -0.012403065
A5: 1 | B5: =B4+1 -> 1930 | C5: United Kingdom | D5: 0.26495661 | E5: 0.23657402 | F5: -1.2875536 | G5: 2.1033852 | H5: 11.644058 | I5: 0.75568072 | J5: -2.2639103 | K5: -0.14329965 | L5: 8.8740715 | M5: 0
A6: 1 | B6: =B5+1 -> 1931 | C6: United Kingdom | D6: -1.7358959 | E6: -3.4323984 | F6: 2.6683108 | G6: 4.5810497 | H6: 12.075461 | I6: -3.7844454 | J6: -2.1523281 | K6: -0.26832507 | L6: 11.496788 | M6: 0.00071698681
A7: 1 | B7: =B6+1 -> 1932 | C7: United Kingdom | D7: -2.8903638 | E7: -1.2077726 | F7: 4.1531612 | G7: 0.56457474 | H7: 11.524908 | I7: -5.3918977 | J7: 1.1567178 | K7: -0.34911679 | L7: -10.374693 | M7: 0.21327786
A8: 1 | B8: =B7+1 -> 1933 | C8: United Kingdom | D8: -3.0129852 | E8: -3.2369513 | F8: 3.3931202 | G8: 0.091035764 | H8: 11.785805 | I8: 0.60201232 | J8: -2.5143886 | K8: 0.62046879 | L8: -15.595411 | M8: 0.093550876
A9: 1 | B9: =B8+1 -> 1934 | C9: United Kingdom | D9: -1.0919622 | E9: -0.68029179 | F9: -0.16174492 | G9: 0.85183465 | H9: 13.475126 | I9: 7.2357019 | J9: -2.3576333 | K9: 0.29522106 | L9: 0 | M9: 0.090616916
A10: 1 | B10: =B9+1 -> 1935 | C10: United Kingdom | D10: -0.51255899 | E10: -0.33014715 | F10: -5.1159439 | G10: 0.208273 | H10: 12.787277 | I10: 4.8211535 | J10: -2.4581848 | K10: 0.016218776 | L10: -0.075731543 | M10: 0.11993579
A11: 1 | B11: =B10+1 -> 1936 | C11: United Kingdom | D11: -0.015177348 | E11: 0.87385235 | F11: -6.416309 | G11: 0.49323789 | H11: 12.641079 | I11: 3.8526382 | J11: -2.4396503 | K11: 0.10247748 | L11: 2.2722106 | M11: 0.041245053
A12: 1 | B12: 1926 | C12: United States | D12: {=D13:F13} -> 0.8 | E12: 2.5 | F12: 0.7 | G12: 3.4284084 | H12: 6.8628771 | I12: 6.3893175 | J12: -0.18629352 | K12: 0.07 | L12: 8.7125749 | M12: 0
A13: 1 | B13: =B12+1 -> 1927 | C13: United States | D13: 0.8 | E13: 2.5 | F13: 0.7 | G13: 2.7180289 | H13: 6.6657914 | I13: 1.2234462 | J13: 0.17969313 | K13: 0.24423259 | L13: 2.6497006 | M13: 0
A14: 1 | B14: =B13+1 -> 1928 | C14: United States | D14: 1.05 | E14: 2 | F14: 2.2 | G14: 4.528083 | H14: 6.5768026 | I14: 1.0245622 | J14: 1.0362006 | K14: 0.32704568 | L14: 3.4580838 | M14: 0.00075434606
A15: 1 | B15: =B14+1 -> 1929 | C15: United States | D15: 1.3 | E15: 3.8 | F15: 2.35 | G15: 3.1678007 | H15: 6.436677 | I15: 6.4649419 | J15: 2.1251434 | K15: 0.48555436 | L15: 0.76347305 | M15: -0.012403065
A16: 1 | B16: =B15+1 -> 1930 | C16: United States | D16: 0.1 | E16: 1.27 | F16: 4.65 | G16: 1.661398 | H16: 6.4688877 | I16: -6.1532941 | J16: 0.054610628 | K16: -0.29784898 | L16: 3.997006 | M16: 0
A17: 1 | B17: =B16+1 -> 1931 | C17: United States | D17: -2.48 | E17: -6.7 | F17: 13 | G17: 1.5402544 | H17: 7.4710585 | I17: -7.0196103 | J17: -1.6258695 | K17: -0.34993239 | L17: 15.04491 | M17: 0.00071698681
A18: 1 | B18: =B17+1 -> 1932 | C18: United States | D18: -3.4 | E18: -8.9 | F18: 27.8 | G18: 0.03442228 | H18: 9.1642121 | I18: -11.898055 | J18: -2.1910864 | K18: -0.43459326 | L18: 23.802395 | M18: 0.21327786
A19: 1 | B19: =B18+1 -> 1933 | C19: United States | D19: -3 | E19: -6.2 | F19: 30 | G19: 0.12196771 | H19: 9.7398188 | I19: -2.828513 | J19: -3.3231044 | K19: 0.36770708 | L19: -3.4131737 | M19: 0.093550876
A20: 1 | B20: =B19+1 -> 1934 | C20: United States | D20: -2.1 | E20: 6.2 | F20: 13.1 | G20: 0.14675429 | H20: 11.168554 | I20: 9.2035668 | J20: -3.1030372 | K20: -0.1062873 | L20: -9.4760479 | M20: 0.090616916
A21: 1 | B21: =B20+1 -> 1935 | C21: United States | D21: -1.4 | E21: 5.9 | F21: -8.2 | G21: 0.024469614 | H21: 11.74416 | I21: 9.5792665 | J21: -3.0288894 | K21: 0.27114978 | L21: -2.4700599 | M21: 0.11993579
A22: 1 | B22: =B21+1 -> 1936 | C22: United States | D22: -0.18 | E22: 5.8 | F22: -19.4 | G22: 0.13337841 | H22: 12.685003 | I22: 12.343458 | J22: -2.7934077 | K22: 0.22463098 | L22: -6.6467066 | M22: 0.041245053
A23: 1 | B23: 1925 | C23: Japan | D23: -0.6371064 | E23: -1.3471614 | F23: 4.5235066 | G23: 5.8362351 | H23: 19.750707 | I23: 3.0641391 | J23: 1.1144459 | K23: 0.1 | L23: 5.603979 | M23: 0
A24: 1 | B24: =B23+1 -> 1926 | C24: Japan | D24: 0.27741439 | E24: -9.0513301 | F24: 3.95437 | G24: 6.5147388 | H24: 19.54415 | I24: 2.6749427 | J24: 1.0099583 | K24: 0.35974795 | L24: 11.061628 | M24: -0.10355049
A25: 1 | B25: =B24+1 -> 1927 | C25: Japan | D25: 0.98421004 | E25: -5.5497607 | F25: 3.4443335 | G25: 5.3245992 | H25: 18.91577 | I25: 1.5867584 | J25: 0.36906526 | K25: 0.035076222 | L25: 13.297428 | M25: -0.091072455
A26: 1 | B26: =B25+1 -> 1928 | C26: Japan | D26: 0.48955751 | E26: -4.7742598 | F26: 4.0489735 | G26: 2.2768488 | H26: 16.951051 | I26: 5.0481463 | J26: -2.9860541 | K26: -0.097863937 | L26: 8.7514274 | M26: 0.039936734
A27: 1 | B27: =B26+1 -> 1929 | C27: Japan | D27: 0.50747039 | E27: 1.9012782 | F27: 4.463324 | G27: 2.5512843 | H27: 16.437181 | I27: 5.3165576 | J27: -2.7331514 | K27: -0.046319659 | L27: 6.914945 | M27: -0.009581749
A28: 1 | B28: =B27+1 -> 1930 | C28: Japan | D28: -0.19105159 | E28: -2.1122794 | F28: 5.7992471 | G28: 2.8829512 | H28: 17.380329 | I28: 0.47508807 | J28: -2.4454905 | K28: -0.17412787 | L28: 10.339278 | M28: 0.03877457
A29: 1 | B29: =B28+1 -> 1931 | C29: Japan | D29: -1.8885982 | E29: -15.966393 | F29: 10.071776 | G29: 2.0355111 | H29: 18.496437 | I29: -3.9872505 | J29: -2.5141538 | K29: -0.11155193 | L29: 3.1798222 | M29: -0.094020253
A30: 1 | B30: =B29+1 -> 1932 | C30: Japan | D30: -1.3518544 | E30: -2.5465742 | F30: 11.003307 | G30: 6.0410274 | H30: 17.804253 | I30: 4.2160711 | J30: 0.059760531 | K30: -0.163431 | L30: 13.903938 | M30: 0.44358326
A31: 1 | B31: =B30+1 -> 1933 | C31: Japan | D31: 1.2409345 | E31: 5.7999069 | F31: 8.55011 | G31: 3.1415273 | H31: 16.883734 | I31: 9.2398367 | J31: -2.1166743 | K31: -0.13170439 | L31: -43.374536 | M31: 0.6581327
A32: 1 | B32: =B31+1 -> 1934 | C32: Japan | D32: 2.9095635 | E32: 2.7899178 | F32: 1.7258831 | G32: 2.3988967 | H32: 17.189611 | I32: 5.5301683 | J32: -2.2563466 | K32: 0.73233834 | L32: -25.643534 | M32: 0.16213913
A33: 1 | B33: =B32+1 -> 1935 | C33: Japan | D33: 1.5912398 | E33: 1.5024287 | F33: -2.3801701 | G33: 2.2802965 | H33: 17.015251 | I33: 2.437846 | J33: -2.2188163 | K33: -0.15278199 | L33: -27.480016 | M33: 0.034549507
A34: 1 | B34: =B33+1 -> 1936 | C34: Japan | D34: 0.72266593 | E34: 2.4458474 | F34: -2.5195858 | G34: 2.2685744 | H34: 16.585529 | I34: 4.6220433 | J34: -2.1458882 | K34: 0.084869526 | L34: -23.464242 | M34: 0.024550661
A35: 1 | B35: 1926 | C35: France | D35: 1.3571352 | E35: 23.576193 | F35: -36.297961 | G35: 4.3754941 | H35: 16.716507 | I35: 3.17246 | J35: -0.73362861 | K35: 0.2 | L35: -34.531227 | M35: 0
A36: 1 | B36: =B35+1 -> 1927 | C36: France | D36: 0.65794671 | E36: 35.24085 | F36: -29.869845 | G36: 1.9565217 | H36: 17.797116 | I36: 1.6317947 | J36: 1.915407 | K36: 0.39183874 | L36: -13.427947 | M36: 0.47040933
A37: 1 | B37: =B36+1 -> 1928 | C37: France | D37: 0.79132227 | E37: -16.011273 | F37: -10.457392 | G37: 2.7747036 | H37: 18.419005 | I37: 3.6556895 | J37: -1.4591971 | K37: 0.49000353 | L37: -17.681652 | M37: -0.35171938
A38: 1 | B38: =B37+1 -> 1929 | C38: France | D38: 2.0848773 | E38: 13.770645 | F38: -10.841699 | G38: 3.3794466 | H38: 18.906485 | I38: 8.0088691 | J38: -0.91007648 | K38: 0.45521787 | L38: -8.4782503 | M38: 0.022733316
A39: 1 | B39: =B38+1 -> 1930 | C39: France | D39: 2.3456923 | E39: 2.5798115 | F39: -5.1082918 | G39: 1.8498024 | H39: 21.87098 | I39: 5.6142089 | J39: -0.31313574 | K39: -0.1357357 | L39: -8.6260024 | M39: 0
A40: 1 | B40: =B39+1 -> 1931 | C40: France | D40: 0.49759548 | E40: 6.0499175 | F40: -0.8825522 | G40: 1.0671937 | H40: 26.799246 | I40: -2.7716737 | J40: -1.1047563 | K40: -0.17918269 | L40: 2.6925881 | M40: -0.025087742
A41: 1 | B41: =B40+1 -> 1932 | C41: France | D41: -1.0491101 | E41: -11.945012 | F41: 9.3426536 | G41: 0.56916996 | H41: 31.259002 | I41: -5.0154676 | J41: -1.7947879 | K41: -0.24548753 | L41: 8.7893074 | M41: 0
A42: 1 | B42: =B41+1 -> 1933 | C42: France | D42: -1.8337341 | E42: -11.161051 | F42: 1.0012112 | G42: 1.3517787 | H42: 33.833377 | I42: -3.482117 | J42: -2.9668066 | K42: 0.21420745 | L42: 4.5044957 | M42: -0.016
A43: 1 | B43: =B42+1 -> 1934 | C43: France | D43: -1.5740462 | E43: 0.64316834 | F43: 0.55285254 | G43: 2.8814229 | H43: 35.698279 | I43: -0.25494887 | J43: -2.5665542 | K43: 0 | L43: 30.782989 | M43: 0
A44: 1 | B44: =B43+1 -> 1935 | C44: France | D44: -1.7068207 | E44: -11.565954 | F44: 0.55285254 | G44: 3.486166 | H44: 40.723286 | I44: -3.495375 | J44: -2.3361059 | K44: -0.08296987 | L44: 17.147023 | M44: -0.001897019
A45: 1 | B45: =B44+1 -> 1936 | C45: France | D45: -1.4868825 | E45: -1.2590149 | F45: 9.7088953 | G45: 5.7272727 | H45: 34.579013 | I45: -1.8289877 | J45: -0.04815492 | K45: -0.17149574 | L45: 24.274119 | M45: 0
A46: 1 | B46: =B45+1 -> 1937 | C46: France | D46: -0.12509929 | E46: 26.238216 | F46: -10.600275 | G46: 2.0988142 | H46: 25.801144 | I46: 0.79837247 | J46: -1.1481729 | K46: 0.16502804 | L46: 6.4933171 | M46: -0.00027151778
A47: 1 | B47: =B46+1 -> 1938 | C47: France | D47: 0.49857232 | E47: 17.640485 | F47: -20.695736 | G47: 2.7747036 | H47: 24.855843 | I47: -0.23391902 | J47: -0.91664306 | K47: -0.4458541 | L47: -8.6376671 | M47: 0.95124932
A48: 1 | B48: 1941 | C48: United Kingdom | D48: -0.13436627 | E48: 13.945967 | F48: -13.20135 | G48: 0.95958778 | H48: 11.891959 | I48: 11.352978 | J48: -2.0925043 | K48: 0.2 | L48: 10.287413 | M48: 0
A49: 1 | B49: =B48+1 -> 1942 | C49: United Kingdom | D49: 0.60757095 | E49: 7.4575738 | F49: -8.4507112 | G49: 0.95275316 | H49: 12.441478 | I49: 2.6063499 | J49: -1.5402125 | K49: 0.26539798 | L49: 12.378593 | M49: -0.12322912
A50: 1 | B50: =B49+1 -> 1943 | C50: United Kingdom | D50: 1.0967399 | E50: 5.5687869 | F50: 7.6533525 | G50: 0.95275316 | H50: 13.792611 | I50: 2.518849 | J50: -1.44366 | K50: 0.24613895 | L50: 9.8529898 | M50: -0.003343084
A51: 1 | B51: =B50+1 -> 1944 | C51: United Kingdom | D51: 1.1591862 | E51: 4.4414426 | F51: 21.210436 | G51: 0.95692153 | H51: 14.562558 | I51: -0.1715432 | J51: -1.6183686 | K51: 0.10865206 | L51: 9.9768748 | M51: 0.013417191
A52: 1 | B52: =B51+1 -> 1945 | C52: United Kingdom | D52: 0.51174479 | E52: 4.0220328 | F52: 26.416851 | G52: 0.95087552 | H52: 16.037669 | I52: -7.1664246 | J52: -1.6183686 | K52: 0.049751487 | L52: 6.8913115 | M52: 0.028685699
A53: 1 | B53: =B52+1 -> 1946 | C53: United Kingdom | D53: 0.023623952 | E53: 3.9464918 | F53: 31.504108 | G53: 0.46527972 | H53: 16.557798 | I53: -4.3193609 | J53: -2.009035 | K53: 0.04689683 | L53: 3.6389164 | M53: -0.0022791259
A54: 1 | B54: =B53+1 -> 1947 | C54: United Kingdom | D54: -0.1582321 | E54: 3.9887213 | F54: 28.569123 | G54: 0.45818223 | H54: 17.105454 | I54: -2.1397939 | J54: -1.5224446 | K54: 0.011536351 | L54: -4.1328048 | M54: 0
A55: 1 | B55: =B54+1 -> 1948 | C55: United Kingdom | D55: -0.033863685 | E55: 7.5567213 | F55: 15.946677 | G55: 0.44898178 | H55: 15.731553 | I55: 0.35622882 | J55: -2.1785446 | K55: 0.02499377 | L55: -1.3396102 | M55: 0.018677775
A56: 1 | B56: =B55+1 -> 1949 | C56: United Kingdom | D56: -0.19661094 | E56: 3.691541 | F56: -4.3688405 | G56: 0.44898178 | H56: 14.226224 | I56: 2.5316456 | J56: -1.7093794 | K56: -0.11143846 | L56: 2.0664024 | M56: 0.089697929
A57: 1 | B57: =B56+1 -> 1950 | C57: United Kingdom | D57: -0.28558375 | E57: 3.2375082 | F57: -8.8424397 | G57: 0.43741551 | H57: 13.720584 | I57: 3.4287888 | J57: -2.1965982 | K57: -0.28989216 | L57: -20.459201 | M57: -0.0098051083
A58: 1 | B58: =B57+1 -> 1951 | C58: United Kingdom | D58: -0.0018947538 | E58: 7.2060328 | F58: -11.792319 | G58: 0.47906161 | H58: 12.877988 | I58: 3.7459362 | J58: -1.9145392 | K58: 0.18159976 | L58: -16.841758 | M58: 0.33105134
A59: 1 | B59: =B58+1 -> 1952 | C59: United Kingdom | D59: -0.4596189 | E59: 10.317377 | F59: -13.218479 | G59: 2.4187786 | H59: 12.303839 | I59: 1.1471951 | J59: -1.5323284 | K59: -0.2129635 | L59: -15.113974 | M59: 0.030400441
A60: 1 | B60: 1953 | C60: United Kingdom | D60: -0.78672597 | E60: 5.5887213 | F60: -14.607403 | G60: 2.4266271 | H60: 11.938942 | I60: 3.5059141 | J60: -1.1422905 | K60: 0.15381803 | L60: -10.181698 | M60: -0.063642036
A61: 1 | B61: 1943 | C61: United States | D61: 0.47611383 | E61: 5.2076569 | F61: -1.0906797 | G61: 0.27005677 | H61: 13.946883 | I61: 12.049923 | J61: -1.6826902 | K61: 0.1 | L61: -11.0213 | M61: 0
A62: 1 | B62: =B61+1 -> 1944 | C62: United States | D62: 0.67344997 | E62: 3.4597868 | F62: 12.544971 | G62: 0.26721193 | H62: 16.266714 | I62: 2.9423756 | J62: -1.6693783 | K62: 0.14119721 | L62: -17.34462 | M62: 0.029889381
A63: 1 | B63: =B62+1 -> 1945 | C63: United States | D63: 0.34208322 | E63: 3.6124443 | F63: 30.31314 | G63: 0.26721193 | H63: 16.699593 | I63: -6.8881943 | J63: -1.2344369 | K63: 0.33966365 | L63: -27.508465 | M63: 0.0062926062
A64: 1 | B64: =B63+1 -> 1946 | C64: United States | D64: 0.030821057 | E64: 13.746476 | F64: 15.979504 | G64: 0.29454273 | H64: 12.987022 | I64: -4.6335055 | J64: -1.4197155 | K64: -0.19602904 | L64: -17.853632 | M64: 0.045336113
A65: 1 | B65: =B64+1 -> 1947 | C65: United States | D65: 0.16084272 | E65: 10.651221 | F65: 2.8738055 | G65: 0.69454781 | H65: 12.521816 | I65: -0.14632599 | J65: -1.1709227 | K65: 0.020925169 | L65: -12.054615 | M65: -0.0032144944
A66: 1 | B66: =B65+1 -> 1948 | C66: United States | D66: 0.048143317 | E66: 4.9415638 | F66: -8.8950098 | G66: 0.97039586 | H66: 11.32127 | I66: -0.81861013 | J66: -0.98425197 | K66: -0.0049419966 | L66: -1.3096668 | M66: 0.10364392
A67: 1 | B67: =B66+1 -> 1949 | C67: United States | D67: -0.095490827 | E67: 1.5313811 | F67: -8.3041224 | G67: 0.99914909 | H67: 11.232037 | I67: 0.60840808 | J67: -0.78496542 | K67: 0 | L67: 13.026761 | M67: -0.0095941997
A68: 1 | B68: =B67+1 -> 1950 | C68: United States | D68: 0.58567189 | E68: 4.8521612 | F68: -6.5462323 | G68: 1.2439071 | H68: 10.228113 | I68: 10.908308 | J68: -0.80893549 | K68: 0.23060435 | L68: 9.1938831 | M68: -0.052963728
A69: 1 | B69: =B68+1 -> 1951 | C69: United States | D69: 0.68158754 | E69: 6.5906103 | F69: -6.8305969 | G69: 1.5817321 | H69: 10.13888 | I69: 4.7087071 | J69: -0.88284683 | K69: 0.21220103 | L69: 5.3599126 | M69: 0.01144504
A70: 2 | B70: 1984 | C70: Norway | D70: -0.86622918 | E70: 7.2458601 | F70: 4.0514792 | G70: 7.9501856 | H70: 5.3721014 | I70: 10.283262 | J70: -4.1709288 | K70: 0.1 | L70: -9.8291433 | M70: 0
A71: 2 | B71: =B70+1 -> 1985 | C71: Norway | D71: 0.61534578 | E71: 6.0995325 | F71: 4.4902223 | G71: 10.084623 | H71: 5.3721014 | I71: 5.3390558 | J71: -4.2791662 | K71: 0.33333333 | L71: -8.1088871 | M71: -0.06329466
A72: 2 | B72: =B71+1 -> 1986 | C72: Norway | D72: 1.560424 | E72: 9.408223 | F72: 12.571452 | G72: 15.117884 | H72: 5.5896924 | I72: 5.4763948 | J72: 0.42946868 | K72: 0 | L72: -0.67926341 | M72: -0.074825027
A73: 2 | B73: =B72+1 -> 1987 | C73: Norway | D73: 2.3843009 | E73: 10.768646 | F73: 11.685609 | G73: 13.878713 | H73: 5.5615152 | I73: 1.2188841 | J73: 1.896056 | K73: 0.55 | L73: 6.1311449 | M73: 0.15872725
A74: 2 | B74: =B73+1 -> 1988 | C74: Norway | D74: 1.429581 | E74: 7.945646 | F74: 11.09644 | G74: 12.695235 | H74: 5.3235739 | I74: -0.15450644 | J74: 1.5022991 | K74: -0.15053763 | L74: 9.7796637 | M74: -0.063546077
A75: 2 | B75: =B74+1 -> 1989 | C75: Norway | D75: -0.354316 | E75: 5.4327784 | F75: 0.38692963 | G75: 10.094369 | H75: 4.7286004 | I75: -0.97854077 | J75: 0.70320999 | K75: 0.49367089 | L75: 7.4051241 | M75: -0.071703215
A76: 2 | B76: =B75+1 -> 1990 | C76: Norway | D76: -0.90474508 | E76: 4.5103334 | F76: 0.38692963 | G76: 10.381188 | H76: 4.1761336 | I76: 2.0429185 | J76: 0.7710361 | K76: 0.28813559 | L76: 7.2206565 | M76: 0.041010469
A77: 2 | B77: =B76+1 -> 1991 | C77: Norway | D77: -1.2606764 | E77: 3.9549089 | F77: -3.2316564 | G77: 10.381188 | H77: 4.1512076 | I77: 1.1502146 | J77: 0.37301461 | K77: -0.15131579 | L77: 4.5372298 | M77: -0.208255
A78: 2 | B78: =B77+1 -> 1992 | C78: Norway | D78: -1.5308935 | E78: 2.8575174 | F78: -1.4307204 | G78: 10.673577 | H78: 4.1512076 | I78: 3.1416309 | J78: 1.437316 | K78: -0.13953488 | L78: 9.6643715 | M78: 0.015076209
A79: 2 | B79: =B78+1 -> 1993 | C79: Norway | D79: -1.2415952 | E79: 3.4918513 | F79: 3.1071369 | G79: 8.4876238 | H79: 4.9781016 | I79: 2.9356223 | J79: 1.0405129 | K79: 0 | L79: 1.6995997 | M79: 0.11767586
A80: 2 | B80: =B79+1 -> 1994 | C80: Norway | D80: -0.87708228 | E80: 1.7558439 | F80: 0.32425205 | G80: 5.2003403 | H80: 5.4674706 | I80: 4.4463519 | J80: -1.7955933 | K80: 0.16216216 | L80: 2.4196958 | M80: 0.15809969
A81: 2 | B81: =B80+1 -> 1995 | C81: Norway | D81: -0.51640586 | E81: 2.3179971 | F81: -9.2570617 | G81: 4.9678218 | H81: 4.5317209 | I81: 4.1716738 | J81: -2.306726 | K81: 0.093023256 | L81: 4.272538 | M81: -0.083683591
A82: 2 | B82: =B81+1 -> 1996 | C82: Norway | D82: 0.071781928 | E82: -0.34840739 | F82: -13.381247 | G82: 3.8943379 | H82: 4.6007191 | I82: 4.6523605 | J82: -1.7736615 | K82: 0.10638298 | L82: -0.83586869 | M82: -0.027200587
A83: 2 | B83: 1987 | C83: Finland | D83: 1.0069551 | E83: 3.1135224 | F83: -4.4863992 | G83: 4.8464104 | H83: 11.858342 | I83: 4.0458888 | J83: -1.4185879 | K83: 0.02 | L83: 11.513003 | M83: 0
A84: 2 | B84: =B83+1 -> 1988 | C84: Finland | D84: 1.6597417 | E84: 5.4352429 | F84: -5.0230322 | G84: 2.9061079 | H84: 11.858342 | I84: 5.1332026 | J84: -0.66069553 | K84: 0 | L84: 16.593253 | M84: -0.03076643
A85: 2 | B85: =B84+1 -> 1989 | C85: Finland | D85: 2.3174058 | E85: 6.5183615 | F85: 1.1529538 | G85: 2.766432 | H85: 12.035209 | I85: 5.5970965 | J85: 0.16796594 | K85: -0.061158218 | L85: 22.934008 | M85: -0.053906837
A86: 2 | B86: =B85+1 -> 1990 | C86: Finland | D86: 1.7315509 | E86: 4.7143649 | F86: 4.4033489 | G86: 2.766432 | H86: 14.297466 | I86: -2.4943473 | J86: -0.89998341 | K86: 0 | L86: 25.125254 | M86: -0.14353782
A87: 2 | B87: =B86+1 -> 1991 | C87: Finland | D87: 0.21122753 | E87: 3.4632909 | F87: 11.372516 | G87: 2.766432 | H87: 15.979763 | I87: -5.9538609 | J87: 1.2007519 | K87: -0.3697156 | L87: 19.791708 | M87: -0.049605934
A88: 2 | B88: =B87+1 -> 1992 | C88: Finland | D88: -1.481438 | E88: 2.4574984 | F88: 14.060388 | G88: 2.766432 | H88: 18.793189 | I88: -3.4508364 | J88: 2.1337978 | K88: 0.047256098 | L88: 1.364451 | M88: -0.08902439
A89: 2 | B89: =B88+1 -> 1993 | C89: Finland | D89: -2.1312438 | E89: 1.6301932 | F89: 9.696715 | G89: 2.766432 | H89: 18.126851 | I89: 0.76826165 | J89: -1.2113673 | K89: 0.78719068 | L89: -15.635031 | M89: 0.24792503
A90: 2 | B90: =B89+1 -> 1994 | C90: Finland | D90: -1.4128805 | E90: 2.0672653 | F90: 6.655795 | G90: 2.766432 | H90: 15.918065 | I90: 2.2503859 | J90: -5.3336651 | K90: 0.54618016 | L90: -5.5067904 | M90: -0.012658228
A91: 2 | B91: =B90+1 -> 1995 | C91: Finland | D91: -1.2973083 | E91: -0.2771819 | F91: -1.0477119 | G91: 2.766432 | H91: 13.573544 | I91: 4.5161236 | J91: -2.4564604 | K91: 0.16403287 | L91: 2.6727468 | M91: 0
A92: 2 | B92: =B91+1 -> 1996 | C92: Finland | D92: -1.15098 | E92: 0.71419861 | F92: -10.610605 | G92: 2.766432 | H92: 14.704673 | I92: 3.0944057 | J92: -3.7431304 | K92: 0.32726944 | L92: -5.868812 | M92: -0.046718818
A93: 2 | B93: =B92+1 -> 1997 | C93: Finland | D93: -0.83312257 | E93: 1.4833015 | F93: -17.330285 | G93: 2.766432 | H93: 14.001316 | I93: 6.3730341 | J93: -2.9211036 | K93: 0.55076713 | L93: -10.866622 | M93: -0.023934351
A94: 2 | B94: =B93+1 -> 1998 | C94: Finland | D94: -0.34373589 | E94: 0.79568194 | F94: -17.857503 | G94: 2.766432 | H94: 13.832675 | I94: 5.6565016 | J94: -0.88317576 | K94: 0.25252836 | L94: -5.8281891 | M94: -0.094348435
A95: 2 | B95: =B94+1 -> 1999 | C95: Finland | D95: 0.37381447 | E95: 1.5772567 | F95: -15.294375 | G95: 2.766432 | H95: 0 | I95: 4.159693 | J95: -2.4420855 | K95: 0.42783921 | L95: -10.330161 | M95: 0.037132543
A96: 2 | B96: 1987 | C96: Sweden | D96: 1.436206 | E96: 5.0118134 | F96: 4.0863245 | G96: 9.140391 | H96: 4.5320568 | I96: 3.6458482 | J96: -0.67094271 | K96: 0.1 | L96: 0.39140804 | M96: 0
A97: 2 | B97: =B96+1 -> 1988 | C97: Sweden | D97: 1.9786188 | E97: 5.4416795 | F97: 5.2632295 | G97: 10.639727 | H97: 4.2140537 | I97: 1.3862107 | J97: -1.1042766 | K97: 0.21332645 | L97: 2.3270167 | M97: 0.0022978391
A98: 2 | B98: =B97+1 -> 1989 | C98: Sweden | D98: 2.5901931 | E98: 6.2902448 | F98: 5.3774997 | G98: 12.614136 | H98: 4.2140537 | I98: 2.571994 | J98: 1.1755368 | K98: 0.30395913 | L98: 7.0548519 | M98: -0.10948246
A99: 2 | B99: =B98+1 -> 1990 | C99: Sweden | D99: 2.734422 | E99: 7.5395249 | F99: 4.8255825 | G99: 14.359244 | H99: 3.6990939 | I99: 1.265416 | J99: 1.0944631 | K99: 0.13581456 | L99: 10.913823 | M99: 0.018842604
A100: 2 | B100: =B99+1 -> 1991 | C100: Sweden | D100: 1.7249747 | E100: 7.1838304 | F100: 4.6825505 | G100: 10.997447 | H100: 6.2800479 | I100: -1.4264229 | J100: 1.918798 | K100: -0.17188847 | L100: 11.970254 | M100: -0.10752399
...

Sheet Ng_All
A1: SUMMARY OUTPUT
A3: Regression Statistics
A4: Multiple R | B4: 0.53151355
A5: R Square | B5: 0.28250665
A6: Adjusted R Square | B6: 0.25245458
A7: Standard Error | B7: 1.033683
A8: Observations | B8: 200
A10: ANOVA
B11: df | C11: SS | D11: MS | E11: F | F11: Significance F
A12: Regression | B12: 8 | C12: 80.356109 | D12: 10.044514 | E12: 9.40057 | F12: 6.4151806e-11
A13: Residual | B13: 191 | C13: 204.08359 | D13: 1.0685005
A14: Total | B14: 199 | C14: 284.4397
B16: Coefficients | C16: Standard Error | D16: t Stat | E16: P-value | F16: Lower 95% | G16: Upper 95% | H16: Lower 95.0% | I16: Upper 95.0%
A17: Intercept | B17: -0.79605715 | C17: 0.2118311 | D17: -3.7579805 | E17: 0.00022747885 | F17: -1.2138859 | G17: -0.37822835 | H17: -1.2138859 | I17: -0.37822835
A18: CoreInflation | B18: 0.072165673 | C18: 0.015064262 | D18: 4.7905215 | E18: 3.3312528e-06 | F18: 0.042451988 | G18: 0.10187936 | H18: 0.042451988 | I18: 0.10187936
A19: ChangeDebt/GDP | B19: 0.014546767 | C19: 0.0077435229 | D19: 1.8785723 | E19: 0.061826443 | F19: -0.0007270371 | G19: 0.029820572 | H19: -0.0007270371 | I19: 0.029820572
A20: SRi | B20: 0.028699794 | C20: 0.02151902 | D20: 1.3336943 | E20: 0.18389231 | F20: -0.013745654 | G20: 0.071145242 | H20: -0.013745654 | I20: 0.071145242
A21: Money0/GDP | B21: 0.01003807 | C21: 0.0076316739 | D21: 1.315317 | E21: 0.18998021 | F21: -0.0050151166 | G21: 0.025091257 | H21: -0.0050151166 | I21: 0.025091257
A22: R.GDPg | B22: 0.11540019 | C22: 0.023760176 | D22: 4.8568743 | E22: 2.4762825e-06 | F22: 0.068534143 | G22: 0.16226623 | H22: 0.068534143 | I22: 0.16226623
A23: Curve | B23: 0.050854523 | C23: 0.035287047 | D23: 1.4411669 | E23: 0.15117497 | F23: -0.018747836 | G23: 0.12045688 | H23: -0.018747836 | I23: 0.12045688
A24: EquityG | B24: 0.36665575 | C24: 0.32669753 | D24: 1.1223095 | E24: 0.26313972 | F24: -0.27774272 | G24: 1.0110542 | H24: -0.27774272 | I24: 1.0110542
A25: R.FXxTWI | B25: 0.010932311 | C25: 0.0073839833 | D25: 1.4805439 | E25: 0.14037581 | F25: -0.0036323151 | G25: 0.025496938 | H25: -0.0036323151 | I25: 0.025496938

Sheet All
A1: SUMMARY OUTPUT
A3: Regression Statistics
A4: Multiple R | B4: 0.54642934
A5: R Square | B5: 0.29858502
A6: Adjusted R Square | B6: 0.2653601
A7: Standard Error | B7: 1.0247214
A8: Observations | B8: 200
A10: ANOVA
B11: df | C11: SS | D11: MS | E11: F | F11: Significance F
A12: Regression | B12: 9 | C12: 84.929435 | D12: 9.4366039 | E12: 8.9867792 | F12: 2.8846489e-11
A13: Residual | B13: 190 | C13: 199.51027 | D13: 1.050054
A14: Total | B14: 199 | C14: 284.4397
B16: Coefficients | C16: Standard Error | D16: t Stat | E16: P-value | F16: Lower 95% | G16: Upper 95% | H16: Lower 95.0% | I16: Upper 95.0%
A17: Intercept | B17: -0.75604602 | C17: 0.210868 | D17: -3.5853994 | E17: 0.00042787162 | F17: -1.1719891 | G17: -0.34010294 | H17: -1.1719891 | I17: -0.34010294
A18: CoreInflation | B18: 0.078444472 | C18: 0.015233714 | D18: 5.1493991 | E18: 6.5017986e-07 | F18: 0.048395542 | G18: 0.1084934 | H18: 0.048395542 | I18: 0.1084934
A19: ChangeDebt/GDP | B19: 0.018437842 | C19: 0.0078995746 | D19: 2.3340297 | E19: 0.02063954 | F19: 0.0028557084 | G19: 0.034019975 | H19: 0.0028557084 | I19: 0.034019975
A20: SRi | B20: 0.025806705 | C20: 0.021377456 | D20: 1.2071925 | E20: 0.22885873 | F20: -0.01636093 | G20: 0.067974339 | H20: -0.01636093 | I20: 0.067974339
A21: Money0/GDP | B21: 0.010017537 | C21: 0.0075655174 | D21: 1.3241047 | E21: 0.18705897 | F21: -0.0049056591 | G21: 0.024940734 | H21: -0.0049056591 | I21: 0.024940734
A22: R.GDPg | B22: 0.11754467 | C22: 0.02357659 | D22: 4.9856519 | E22: 1.386554e-06 | F22: 0.071039183 | G22: 0.16405016 | H22: 0.071039183 | I22: 0.16405016
A23: Curve | B23: 0.049657046 | C23: 0.034985831 | D23: 1.4193473 | E23: 0.15743628 | F23: -0.019353492 | G23: 0.11866758 | H23: -0.019353492 | I23: 0.11866758
A24: EquityG | B24: 0.32033574 | C24: 0.32462487 | D24: 0.9867874 | E24: 0.32500183 | F24: -0.31999598 | G24: 0.96066745 | H24: -0.31999598 | I24: 0.96066745
A25: R.FXxTWI | B25: 0.007633148 | C25: 0.0074887281 | D25: 1.019285 | E25: 0.30936381 | F25: -0.0071385792 | G25: 0.022404875 | H25: -0.0071385792 | I25: 0.022404875
A26: Gold Price | B26: -0.99706442 | C26: 0.4777635 | D26: -2.0869414 | E26: 0.038227731 | F26: -1.9394664 | G26: -0.054662444 | H26: -1.9394664 | I26: -0.054662444
